incident_id,latitude,longitude,road_type,road_name,total_lanes,lanes_blocked,incident_type,severity_factor,hour,minute,day_of_week,day_of_week_name,month,duration_minutes,timestamp,impact_score,priority,clf,tvf,tf,lf,isf,predicted_queue_km,predicted_vhl,predicted_recovery_min,cluster
INC-0001,6.752726,79.88813,trunk,Galle Road New Deviation,2,2,accident_major,1.0,15,32,2,Wednesday,12,72,2026-12-16T15:32:00,8.0,CRITICAL,1.0,0.585,0.65,0.85,1.0,15.0,1170.0,171.4,0
INC-0002,6.843348,79.878375,secondary,Cpt.Sumudu Rajapaksha Mawatha,2,1,overheating,0.5,19,44,1,Tuesday,8,61,2026-08-01T19:44:00,5.6,HIGH,0.5,0.525,0.75,0.5,0.5,1.11,22.2,40.0,1
INC-0003,6.95185,79.888768,living_street,Unknown,2,1,accident_minor,0.5,22,10,3,Thursday,9,35,2026-09-22T22:10:00,2.6,LOW,0.5,0.045,0.15,0.1,0.5,0.0,0.0,0.0,-1
INC-0004,6.812944,79.938279,secondary,Piliyandala-Maharagama Road,2,1,flat_tire,0.3,7,20,0,Monday,6,30,2026-06-28T07:20:00,5.5,HIGH,0.5,0.56,0.8,0.5,0.3,1.0,15.0,45.0,-1
INC-0005,6.921586,79.94205,tertiary,Unknown,2,1,overheating,0.5,23,52,3,Thursday,5,23,2026-05-05T23:52:00,2.9,LOW,0.5,0.055,0.1,0.35,0.5,0.0,0.0,0.0,-1
INC-0006,6.922518,79.941042,tertiary,Unknown,2,1,flat_tire,0.3,8,44,3,Thursday,1,24,2026-01-17T08:44:00,5.6,HIGH,0.5,0.55,1.0,0.35,0.3,1.25,18.8,15.0,-1
INC-0007,6.935921,79.924826,primary,Avissawella Road,4,1,flat_tire,0.3,9,38,4,Friday,2,40,2026-02-22T09:38:00,5.6,HIGH,0.25,0.722,0.85,0.7,0.3,0.5,7.5,20.0,-1
INC-0008,6.940527,79.857133,primary,Mohamad Zain Mawatha (Central Road),2,1,accident_minor,0.5,15,29,4,Friday,1,45,2026-01-16T15:29:00,5.7,HIGH,0.5,0.552,0.65,0.7,0.5,1.12,25.3,19.3,-1
INC-0009,6.770747,79.948555,secondary,Kesbewa - Kindelpitiya - Bandaragama Road,2,1,engine_failure,0.7,18,13,4,Friday,3,28,2026-03-07T18:13:00,6.8,HIGH,0.5,0.7,1.0,0.5,0.7,3.33,100.0,30.0,-1
INC-0010,6.952416,80.213566,trunk,Avissawella - Hatton - Nuwara Eliya Road,2,1,engine_failure,0.7,19,51,3,Thursday,1,85,2026-01-24T19:51:00,6.8,HIGH,0.5,0.675,0.75,0.85,0.7,3.75,112.5,60.0,2
INC-0011,6.946281,79.871437,primary,M. Vincent Perera Mawatha (Grandpass Road),2,1,engine_failure,0.7,14,16,6,Sunday,4,29,2026-04-10T14:16:00,4.3,MEDIUM,0.5,0.187,0.22,0.7,0.7,0.0,0.0,0.0,3
INC-0012,6.846194,79.907278,tertiary,Egodawatte Road,2,1,accident_minor,0.5,22,52,2,Wednesday,11,44,2026-11-11T22:52:00,3.0,MEDIUM,0.5,0.083,0.15,0.35,0.5,0.0,0.0,0.0,-1
INC-0013,6.781562,79.918434,tertiary,Dampe Road,2,1,flat_tire,0.3,7,54,3,Thursday,11,35,2026-11-22T07:54:00,4.9,MEDIUM,0.5,0.44,0.8,0.35,0.3,0.75,11.2,45.0,-1
INC-0014,6.905814,79.948597,primary,Kaduwela Road (New Kandy Road),2,1,engine_failure,0.7,19,26,4,Friday,2,43,2026-02-26T19:26:00,6.4,HIGH,0.5,0.637,0.75,0.7,0.7,2.5,75.0,60.0,-1
INC-0015,6.859086,79.885716,residential,Wicramarathne Road,2,1,fuel_empty,0.2,10,41,1,Tuesday,5,11,2026-05-06T10:41:00,3.6,MEDIUM,0.5,0.24,0.6,0.15,0.2,0.08,0.8,5.0,-1
INC-0016,6.861628,79.895212,secondary,Pepiliyana Road,2,1,engine_failure,0.7,14,44,1,Tuesday,10,56,2026-10-25T14:44:00,5.1,HIGH,0.5,0.385,0.55,0.5,0.7,0.33,10.0,6.7,-1
INC-0017,6.837548,80.125083,secondary,Meepe-Ingiriya Road,2,2,accident_major,1.0,14,42,6,Sunday,1,126,2026-01-26T14:42:00,5.6,HIGH,1.0,0.154,0.22,0.5,1.0,2.93,176.0,33.8,-1
INC-0018,6.909466,79.981191,motorway,Outer Circular Highway,2,1,overheating,0.5,15,55,2,Wednesday,10,30,2026-10-28T15:55:00,6.3,HIGH,0.5,0.617,0.65,1.0,0.5,1.83,36.7,17.1,-1
INC-0019,6.869501,79.978347,motorway,Outer Circular Highway,2,1,accident_minor,0.5,18,13,0,Monday,3,51,2026-03-07T18:13:00,7.9,HIGH,0.5,0.95,1.0,1.0,0.5,6.88,154.7,22.5,4
INC-0020,6.820003,79.986132,motorway,Southern Expressway,2,1,flat_tire,0.3,19,37,3,Thursday,9,35,2026-09-23T19:37:00,6.5,HIGH,0.5,0.712,0.75,1.0,0.3,2.29,34.4,30.0,5
INC-0021,6.880143,79.958048,secondary,Hokandara-Thalawathugoda Road,2,1,flat_tire,0.3,9,38,0,Monday,12,45,2026-12-25T09:38:00,5.6,HIGH,0.5,0.595,0.85,0.5,0.3,1.17,17.5,70.0,-1
INC-0022,6.951612,79.874351,primary,Sirimavo Bandaranaike Mawatha (Prince of Wales Avenue),2,1,fuel_empty,0.2,14,46,3,Thursday,6,25,2026-06-02T14:46:00,4.9,MEDIUM,0.5,0.468,0.55,0.7,0.2,0.17,1.7,2.2,24
INC-0023,6.852415,79.917435,trunk,High Level Road,2,1,accident_minor,0.5,15,41,1,Tuesday,6,19,2026-06-20T15:41:00,6.0,HIGH,0.5,0.585,0.65,0.85,0.5,1.69,38.0,19.3,-1
INC-0024,6.912005,79.877447,trunk,Rt. Hon. D. S. Senanayake Mawatha,3,1,overheating,0.5,16,32,0,Monday,5,51,2026-05-06T16:32:00,6.3,HIGH,0.333,0.72,0.8,0.85,0.5,1.33,26.7,26.7,-1
INC-0025,6.906451,79.94684,primary,Kaduwela Road (New Kandy Road),2,1,accident_minor,0.5,19,29,1,Tuesday,7,11,2026-07-09T19:29:00,6.1,HIGH,0.5,0.637,0.75,0.7,0.5,1.88,42.2,45.0,-1
INC-0026,6.776124,79.901366,living_street,Unknown,2,1,overheating,0.5,7,1,3,Thursday,11,48,2026-11-04T07:01:00,4.4,MEDIUM,0.5,0.24,0.8,0.1,0.5,0.25,5.0,60.0,-1
INC-0027,6.928708,79.877949,trunk,Dr. Danister de Silva Mawatha (Baseline Road),3,1,overheating,0.5,14,37,4,Friday,9,19,2026-09-02T14:37:00,5.2,HIGH,0.333,0.495,0.55,0.85,0.5,0.0,0.0,0.0,-1
INC-0028,6.779657,79.883143,primary,Galle Road,2,1,fuel_empty,0.2,8,53,4,Friday,4,23,2026-04-01T08:53:00,6.7,HIGH,0.5,0.85,1.0,0.7,0.2,1.67,16.7,10.0,-1
INC-0029,6.812388,79.887625,tertiary,Borupana Road,2,1,accident_minor,0.5,17,13,1,Tuesday,5,56,2026-05-11T17:13:00,5.7,HIGH,0.5,0.522,0.95,0.35,0.5,1.69,38.0,180.0,-1
INC-0030,6.948112,80.214059,trunk,Avissawella - Ratnapura Road (bypass),2,1,engine_failure,0.7,13,4,0,Monday,12,29,2026-12-02T13:04:00,6.1,HIGH,0.5,0.54,0.6,0.85,0.7,1.5,45.0,15.0,2
INC-0031,6.930212,79.963186,tertiary,Welivita Road,2,1,fuel_empty,0.2,9,36,0,Monday,9,27,2026-09-11T09:36:00,4.9,MEDIUM,0.5,0.468,0.85,0.35,0.2,0.58,5.8,46.7,-1
INC-0032,6.881472,79.876317,trunk,Edmonton Road,3,1,flat_tire,0.3,19,59,6,Sunday,5,34,2026-05-24T19:59:00,3.8,MEDIUM,0.333,0.27,0.3,0.85,0.3,0.0,0.0,0.0,14
INC-0033,6.938781,79.91555,secondary,Welikada-Kohilawatte Road,2,1,flat_tire,0.3,11,0,4,Friday,6,33,2026-06-28T11:00:00,4.5,MEDIUM,0.5,0.385,0.55,0.5,0.3,0.17,2.5,3.3,-1
INC-0034,6.848667,79.977592,secondary,Athurugiriya-Kottawa Road,2,1,flat_tire,0.3,8,20,1,Tuesday,3,26,2026-03-27T08:20:00,6.2,HIGH,0.5,0.7,1.0,0.5,0.3,1.67,25.0,15.0,12
INC-0035,6.948097,79.864782,tertiary,St Benadicts Street,2,1,battery_dead,0.3,9,41,2,Wednesday,8,19,2026-08-08T09:41:00,5.1,HIGH,0.5,0.468,0.85,0.35,0.3,0.73,9.1,58.3,-1
INC-0036,6.847372,80.063417,unclassified,Unknown,2,1,engine_failure,0.7,18,14,3,Thursday,1,19,2026-01-01T18:14:00,5.8,HIGH,0.5,0.5,1.0,0.2,0.7,1.67,50.0,30.0,-1
INC-0037,6.835599,80.12773,secondary,Padukka - Ingirya Road,2,1,accident_minor,0.5,6,39,3,Thursday,3,25,2026-03-06T06:39:00,4.4,MEDIUM,0.5,0.315,0.45,0.5,0.5,0.0,0.0,0.0,-1
INC-0038,6.852496,80.035588,trunk,High Level Road,2,1,flat_tire,0.3,18,28,3,Thursday,7,40,2026-07-27T18:28:00,7.2,HIGH,0.5,0.9,1.0,0.85,0.3,3.75,56.2,15.0,6
INC-0039,6.929136,79.995134,secondary,Kaduwela – Athurugiriya Road,2,1,flat_tire,0.3,9,36,4,Friday,1,34,2026-01-04T09:36:00,5.6,HIGH,0.5,0.595,0.85,0.5,0.3,1.17,17.5,70.0,-1
INC-0040,6.865759,80.01482,primary,Malabe - Godagama Road,2,1,engine_failure,0.7,18,30,2,Wednesday,8,66,2026-08-20T18:30:00,7.5,HIGH,0.5,0.85,1.0,0.7,0.7,5.0,150.0,30.0,-1
INC-0041,6.861438,79.86396,trunk,Galle Road,2,1,fuel_empty,0.2,8,46,2,Wednesday,2,22,2026-02-27T08:46:00,7.1,HIGH,0.5,0.9,1.0,0.85,0.2,2.5,25.0,10.0,7
INC-0042,6.836717,80.11819,secondary,Padukka - Ingirya Road,2,1,engine_failure,0.7,10,10,6,Sunday,8,93,2026-08-06T10:10:00,4.0,MEDIUM,0.5,0.168,0.24,0.5,0.7,0.0,0.0,0.0,-1
INC-0043,6.829059,79.911771,primary,Colombo - Horana Road,2,1,engine_failure,0.7,9,42,0,Monday,8,61,2026-08-18T09:42:00,6.9,HIGH,0.5,0.722,0.85,0.7,0.7,3.5,105.0,140.0,-1
INC-0044,6.917205,80.09997,secondary,Kaluaggala-Labugama-Kalatuwawa Road,2,2,accident_major,1.0,20,7,3,Thursday,1,146,2026-01-28T20:07:00,6.4,HIGH,1.0,0.315,0.45,0.5,1.0,6.0,360.0,98.2,8
INC-0045,6.888414,79.981804,residential,Unknown,2,1,flat_tire,0.3,7,13,6,Sunday,6,52,2026-06-11T07:13:00,2.9,LOW,0.5,0.128,0.32,0.15,0.3,0.0,0.0,0.0,-1
INC-0046,6.937058,79.944126,primary,Avissawella Road,4,1,engine_failure,0.7,6,8,1,Tuesday,9,69,2026-09-21T06:08:00,4.6,MEDIUM,0.25,0.383,0.45,0.7,0.7,0.0,0.0,0.0,-1
INC-0047,6.865704,80.02049,primary,Malabe - Godagama Road,2,1,flat_tire,0.3,12,25,6,Sunday,2,26,2026-02-07T12:25:00,3.8,MEDIUM,0.5,0.221,0.26,0.7,0.3,0.0,0.0,0.0,-1
INC-0048,6.917047,79.983393,motorway,Outer Circular Highway,2,1,flat_tire,0.3,13,50,1,Tuesday,9,45,2026-09-07T13:50:00,5.8,HIGH,0.5,0.57,0.6,1.0,0.3,0.92,13.8,7.5,-1
INC-0049,6.881556,79.976673,motorway,Outer Circular Highway,2,1,flat_tire,0.3,9,28,3,Thursday,6,20,2026-06-26T09:28:00,6.9,HIGH,0.5,0.807,0.85,1.0,0.3,3.21,48.1,70.0,-1
INC-0050,6.866801,79.862198,tertiary,Vivekananda Road,2,1,overheating,0.5,7,53,5,Saturday,8,46,2026-08-17T07:53:00,4.1,MEDIUM,0.5,0.264,0.48,0.35,0.5,0.0,0.0,0.0,7
INC-0051,6.914358,80.125811,unclassified,Unknown,2,1,engine_failure,0.7,11,50,1,Tuesday,3,106,2026-03-17T11:50:00,4.4,MEDIUM,0.5,0.275,0.55,0.2,0.7,0.17,5.0,6.7,-1
INC-0052,6.77815,79.983919,tertiary,Weediyagoda Road,2,1,flat_tire,0.3,18,46,3,Thursday,6,20,2026-06-28T18:46:00,5.6,HIGH,0.5,0.55,1.0,0.35,0.3,1.25,18.8,15.0,15
INC-0053,6.877427,79.869519,primary,Havelock Road,2,1,accident_minor,0.5,18,3,1,Tuesday,7,51,2026-07-07T18:03:00,7.2,HIGH,0.5,0.85,1.0,0.7,0.5,3.75,84.4,22.5,9
INC-0054,6.927373,79.844173,trunk,Galle Face Centre Road,2,1,accident_minor,0.5,18,54,0,Monday,2,41,2026-02-07T18:54:00,7.5,HIGH,0.5,0.9,1.0,0.85,0.5,5.62,126.6,22.5,10
INC-0055,6.804029,79.937601,residential,Unknown,2,1,flat_tire,0.3,8,23,1,Tuesday,8,38,2026-08-22T08:23:00,4.9,MEDIUM,0.5,0.4,1.0,0.15,0.3,0.62,9.4,15.0,-1
INC-0056,6.938883,80.165332,trunk,High Level Road,2,1,accident_minor,0.5,17,34,1,Tuesday,8,47,2026-08-14T17:34:00,7.3,HIGH,0.5,0.855,0.95,0.85,0.5,5.06,113.9,180.0,-1
INC-0057,6.906869,79.897208,tertiary,Park Lane,2,1,engine_failure,0.7,17,20,2,Wednesday,7,84,2026-07-16T17:20:00,6.0,HIGH,0.5,0.522,0.95,0.35,0.7,2.25,67.5,180.0,11
INC-0058,6.848773,79.93416,tertiary,Temple Road,2,1,battery_dead,0.3,7,18,3,Thursday,12,30,2026-12-18T07:18:00,4.9,MEDIUM,0.5,0.44,0.8,0.35,0.3,0.62,7.8,37.5,-1
INC-0059,6.795831,80.052808,secondary,Kottawa Thalagala Road,2,1,fuel_empty,0.2,10,41,5,Saturday,3,17,2026-03-23T10:41:00,3.6,MEDIUM,0.5,0.252,0.36,0.5,0.2,0.0,0.0,0.0,-1
INC-0060,6.942123,80.19673,trunk,High Level Road,2,1,fuel_empty,0.2,10,52,1,Tuesday,4,26,2026-04-26T10:52:00,5.4,HIGH,0.5,0.54,0.6,0.85,0.2,0.5,5.0,5.0,-1
INC-0061,6.930696,79.879219,residential,Unknown,2,1,flat_tire,0.3,19,55,6,Sunday,7,45,2026-07-17T19:55:00,2.8,LOW,0.5,0.12,0.3,0.15,0.3,0.0,0.0,0.0,-1
INC-0062,6.908826,80.081971,primary,Avissawella Road(Colombo-Hanwella Low Level Road),2,2,accident_major,1.0,11,8,0,Monday,11,123,2026-11-14T11:08:00,7.3,HIGH,1.0,0.468,0.55,0.7,1.0,11.0,660.0,146.7,-1
INC-0063,6.876764,79.867179,primary,W. A. Silva Mawatha (High Street),2,1,accident_minor,0.5,8,22,4,Friday,6,44,2026-06-18T08:22:00,7.2,HIGH,0.5,0.85,1.0,0.7,0.5,3.75,84.4,22.5,9
INC-0064,6.820437,80.006341,tertiary,Temple Road,2,1,flat_tire,0.3,11,37,5,Saturday,7,42,2026-07-21T11:37:00,3.3,MEDIUM,0.5,0.182,0.33,0.35,0.3,0.0,0.0,0.0,-1
INC-0065,6.80674,79.984481,motorway,Southern Expressway,2,1,flat_tire,0.3,19,5,4,Friday,2,54,2026-02-12T19:05:00,6.5,HIGH,0.5,0.712,0.75,1.0,0.3,2.29,34.4,30.0,-1
INC-0066,6.844785,79.979487,motorway,Outer Circular Highway,2,1,battery_dead,0.3,11,57,2,Wednesday,2,23,2026-02-28T11:57:00,5.6,HIGH,0.5,0.522,0.55,1.0,0.3,0.38,4.8,2.8,12
INC-0067,6.938195,79.878308,trunk,Dr. Danister de Silva Mawatha (Baseline Road),3,1,flat_tire,0.3,7,50,1,Tuesday,5,42,2026-05-11T07:50:00,6.0,HIGH,0.333,0.72,0.8,0.85,0.3,1.0,15.0,20.0,21
INC-0068,6.879907,80.086365,trunk,High Level Road,1,1,engine_failure,0.7,15,33,2,Wednesday,8,44,2026-08-22T15:33:00,7.6,HIGH,1.0,0.585,0.65,0.85,0.7,9.75,292.5,111.4,-1
INC-0069,6.916359,79.850445,primary,Sri Uttarananda Mawatha,2,1,accident_minor,0.5,9,46,1,Tuesday,3,79,2026-03-20T09:46:00,6.6,HIGH,0.5,0.722,0.85,0.7,0.5,2.62,59.1,105.0,13
INC-0070,6.766115,79.922357,tertiary,Dampe Road,2,1,engine_failure,0.7,18,52,2,Wednesday,8,58,2026-08-17T18:52:00,6.2,HIGH,0.5,0.55,1.0,0.35,0.7,2.5,75.0,30.0,-1
INC-0071,6.878026,79.877525,trunk,High Level Road,2,2,accident_major,1.0,16,24,1,Tuesday,3,80,2026-03-18T16:24:00,8.7,CRITICAL,1.0,0.72,0.8,0.85,1.0,15.0,1440.0,180.0,14
INC-0072,6.928254,79.868117,secondary,Sri Vajiragnana Mawatha (Dematagoda Road),2,1,accident_minor,0.5,10,43,4,Friday,1,57,2026-01-17T10:43:00,5.0,HIGH,0.5,0.42,0.6,0.5,0.5,0.5,11.2,11.2,-1
INC-0073,6.9391,79.855756,tertiary,Dam Street,2,1,engine_failure,0.7,8,15,5,Saturday,8,75,2026-08-21T08:15:00,4.8,MEDIUM,0.5,0.33,0.6,0.35,0.7,0.5,15.0,15.0,23
INC-0074,6.88088,80.109543,unclassified,Unknown,2,1,overheating,0.5,19,11,1,Tuesday,10,56,2026-10-09T19:11:00,4.7,MEDIUM,0.5,0.375,0.75,0.2,0.5,0.56,11.1,40.0,-1
INC-0075,6.953407,79.891937,primary,Ambatale Road,2,1,flat_tire,0.3,17,6,6,Sunday,10,23,2026-10-21T17:06:00,4.3,MEDIUM,0.5,0.323,0.38,0.7,0.3,0.0,0.0,0.0,-1
INC-0076,6.788734,80.108931,tertiary,Malagala Road,2,1,fuel_empty,0.2,8,7,6,Sunday,7,17,2026-07-18T08:07:00,3.4,MEDIUM,0.5,0.22,0.4,0.35,0.2,0.0,0.0,0.0,-1
INC-0077,6.849892,79.880129,primary,Nikape Road (Dehiwela-Maharagama Road),2,1,flat_tire,0.3,13,58,5,Saturday,1,26,2026-01-14T13:58:00,4.2,MEDIUM,0.5,0.306,0.36,0.7,0.3,0.0,0.0,0.0,-1
INC-0078,6.894065,79.86173,trunk,Sri Sambuddhatwa Jayanthi Mawatha (Havelock Road),4,1,flat_tire,0.3,17,39,2,Wednesday,7,27,2026-07-12T17:39:00,6.4,HIGH,0.25,0.855,0.95,0.85,0.3,1.5,22.5,120.0,-1
INC-0079,6.89522,79.857073,trunk,R. A. de Mel Mawatha,2,1,fuel_empty,0.2,15,21,1,Tuesday,2,11,2026-02-01T15:21:00,5.6,HIGH,0.5,0.585,0.65,0.85,0.2,0.75,7.5,8.6,-1
INC-0080,6.908345,79.893533,trunk,Rajagiriya Flyover,2,1,flat_tire,0.3,19,29,0,Monday,2,35,2026-02-03T19:29:00,6.2,HIGH,0.5,0.675,0.75,0.85,0.3,1.88,28.1,30.0,11
INC-0081,6.878259,79.935001,secondary,Pannipitiya Road,2,1,flat_tire,0.3,6,48,2,Wednesday,5,25,2026-05-12T06:48:00,4.1,MEDIUM,0.5,0.315,0.45,0.5,0.3,0.0,0.0,0.0,-1
INC-0082,6.912724,80.106491,tertiary,Unknown,1,1,engine_failure,0.7,18,29,0,Monday,8,86,2026-08-18T18:29:00,7.5,HIGH,1.0,0.55,1.0,0.35,0.7,5.0,150.0,30.0,-1
INC-0083,6.824749,79.882896,secondary,Attidiya Road,2,1,flat_tire,0.3,6,0,5,Saturday,9,20,2026-09-15T06:00:00,3.5,MEDIUM,0.5,0.189,0.27,0.5,0.3,0.0,0.0,0.0,-1
INC-0084,6.957029,79.877839,primary,Madampitiya Road,2,1,overheating,0.5,18,42,3,Thursday,7,48,2026-07-24T18:42:00,7.2,HIGH,0.5,0.85,1.0,0.7,0.5,3.33,66.7,20.0,-1
INC-0085,6.785539,79.968789,tertiary,Old Road,2,1,accident_minor,0.5,19,33,1,Tuesday,4,47,2026-04-04T19:33:00,5.1,HIGH,0.5,0.413,0.75,0.35,0.5,0.94,21.1,45.0,-1
INC-0086,6.94029,80.195393,trunk,High Level Road,2,1,accident_minor,0.5,14,9,0,Monday,9,51,2026-09-26T14:09:00,5.6,HIGH,0.5,0.495,0.55,0.85,0.5,0.56,12.7,5.0,-1
INC-0087,6.806322,80.100265,tertiary,Malagala Road,2,1,overheating,0.5,18,4,0,Monday,7,47,2026-07-17T18:04:00,5.9,HIGH,0.5,0.55,1.0,0.35,0.5,1.67,33.3,20.0,-1
INC-0088,6.859168,80.14528,unclassified,Unknown,2,1,engine_failure,0.7,14,17,4,Friday,8,104,2026-08-03T14:17:00,4.4,MEDIUM,0.5,0.275,0.55,0.2,0.7,0.17,5.0,6.7,-1
INC-0089,6.783824,79.981864,primary,Colombo - Horana Road,2,1,flat_tire,0.3,8,46,0,Monday,4,10,2026-04-14T08:46:00,6.9,HIGH,0.5,0.85,1.0,0.7,0.3,2.5,37.5,15.0,15
INC-0090,6.872529,79.957602,secondary,Malabe-Kottawa Road,2,1,engine_failure,0.7,13,2,6,Sunday,12,44,2026-12-10T13:02:00,4.0,MEDIUM,0.5,0.168,0.24,0.5,0.7,0.0,0.0,0.0,-1
INC-0091,6.858779,79.898301,secondary,Old Kesbawa Road,2,2,accident_major,1.0,15,58,1,Tuesday,12,111,2026-12-15T15:58:00,7.2,HIGH,1.0,0.455,0.65,0.5,1.0,8.67,520.0,180.0,-1
INC-0092,6.866084,79.923706,secondary,Temple Road,2,1,accident_minor,0.5,21,47,4,Friday,5,46,2026-05-13T21:47:00,3.9,MEDIUM,0.5,0.21,0.3,0.5,0.5,0.0,0.0,0.0,-1
INC-0093,6.823008,80.01414,living_street,Unknown,2,1,accident_minor,0.5,13,28,5,Saturday,3,59,2026-03-24T13:28:00,3.1,MEDIUM,0.5,0.108,0.36,0.1,0.5,0.0,0.0,0.0,-1
INC-0094,6.875362,79.893855,residential,Cooray Place,2,1,fuel_empty,0.2,14,15,4,Friday,1,20,2026-01-27T14:15:00,3.4,MEDIUM,0.5,0.22,0.55,0.15,0.2,0.04,0.4,2.2,18
INC-0095,6.905084,79.924964,primary,Kaduwela Road (New Kandy Road),2,2,accident_major,1.0,19,24,6,Sunday,4,113,2026-04-27T19:24:00,6.3,HIGH,1.0,0.255,0.3,0.7,1.0,6.0,360.0,51.4,-1
INC-0096,6.90631,80.033553,secondary,Habarakada-Ranala Road,2,1,engine_failure,0.7,18,30,0,Monday,2,62,2026-02-14T18:30:00,6.8,HIGH,0.5,0.7,1.0,0.5,0.7,3.33,100.0,30.0,-1
INC-0097,6.899359,79.97936,motorway,Outer Circular Highway,2,1,engine_failure,0.7,8,12,3,Thursday,1,73,2026-01-09T08:12:00,8.2,CRITICAL,0.5,0.95,1.0,1.0,0.7,9.17,275.0,30.0,-1
INC-0098,6.859697,79.977737,motorway,Outer Circular Highway,2,1,accident_minor,0.5,18,5,1,Tuesday,7,26,2026-07-10T18:05:00,7.9,HIGH,0.5,0.95,1.0,1.0,0.5,6.88,154.7,22.5,16
INC-0099,6.821102,79.980277,secondary,Kottawa-Thalagala Road,2,1,battery_dead,0.3,11,14,6,Sunday,6,28,2026-06-04T11:14:00,3.3,MEDIUM,0.5,0.154,0.22,0.5,0.3,0.0,0.0,0.0,-1
INC-0100,6.878723,79.856753,primary,Marine Drive,4,2,accident_major,1.0,13,21,3,Thursday,11,98,2026-11-18T13:21:00,6.3,HIGH,0.5,0.51,0.6,0.7,1.0,2.0,120.0,30.0,-1
INC-0101,6.818253,80.033925,secondary,Pitipana-Thalagala Road,2,1,overheating,0.5,21,35,3,Thursday,4,58,2026-04-12T21:35:00,3.9,MEDIUM,0.5,0.21,0.3,0.5,0.5,0.0,0.0,0.0,-1
INC-0102,6.853944,80.142227,unclassified,Unknown,2,2,accident_major,1.0,12,45,2,Wednesday,4,117,2026-04-17T12:45:00,6.4,HIGH,1.0,0.325,0.65,0.2,1.0,4.33,260.0,180.0,-1
INC-0103,6.841279,79.987286,residential,Shanthi Mawatha,2,1,battery_dead,0.3,15,28,4,Friday,4,21,2026-04-02T15:28:00,3.9,MEDIUM,0.5,0.26,0.65,0.15,0.3,0.16,2.0,10.7,-1
INC-0104,6.948179,79.90765,primary,Ambatale Road,2,1,battery_dead,0.3,21,55,2,Wednesday,5,22,2026-05-15T21:55:00,4.0,MEDIUM,0.5,0.255,0.3,0.7,0.3,0.0,0.0,0.0,-1
INC-0105,6.962638,80.199386,residential,Unknown,2,1,accident_minor,0.5,11,56,2,Wednesday,11,57,2026-11-01T11:56:00,3.9,MEDIUM,0.5,0.22,0.55,0.15,0.5,0.09,2.1,5.0,-1
INC-0106,6.795805,79.888212,trunk,Galle Road,3,1,flat_tire,0.3,19,23,2,Wednesday,12,37,2026-12-16T19:23:00,5.7,HIGH,0.333,0.675,0.75,0.85,0.3,0.62,9.4,10.0,-1
INC-0107,6.904594,79.96134,primary,Kaduwela Road (New Kandy Road),2,1,flat_tire,0.3,8,28,4,Friday,11,34,2026-11-14T08:28:00,6.9,HIGH,0.5,0.85,1.0,0.7,0.3,2.5,37.5,15.0,-1
INC-0108,6.840783,79.874742,living_street,Unknown,2,1,overheating,0.5,8,14,2,Wednesday,7,36,2026-07-17T08:14:00,4.9,MEDIUM,0.5,0.3,1.0,0.1,0.5,0.42,8.3,20.0,1
INC-0109,6.804112,79.984049,motorway,Southern Expressway,2,1,flat_tire,0.3,15,47,2,Wednesday,6,16,2026-06-22T15:47:00,6.0,HIGH,0.5,0.617,0.65,1.0,0.3,1.38,20.6,12.9,-1
INC-0110,6.814584,79.980421,residential,Unknown,2,1,overheating,0.5,8,20,0,Monday,2,63,2026-02-14T08:20:00,5.2,HIGH,0.5,0.4,1.0,0.15,0.5,0.83,16.7,20.0,-1
INC-0111,6.836999,79.981807,motorway,Southern Expressway,2,2,accident_major,1.0,17,24,5,Saturday,6,85,2026-06-09T17:24:00,8.0,CRITICAL,1.0,0.541,0.57,1.0,1.0,15.0,1254.0,114.2,12
INC-0112,6.860757,79.860586,tertiary,Fraser Avenue,2,1,flat_tire,0.3,22,31,0,Monday,6,29,2026-06-22T22:31:00,2.7,LOW,0.5,0.083,0.15,0.35,0.3,0.0,0.0,0.0,7
INC-0113,6.798181,79.924738,residential,Unknown,2,1,engine_failure,0.7,18,49,1,Tuesday,2,55,2026-02-01T18:49:00,5.5,HIGH,0.5,0.4,1.0,0.15,0.7,1.25,37.5,30.0,-1
INC-0114,6.85174,80.074059,unclassified,Unknown,2,1,flat_tire,0.3,11,1,6,Sunday,10,29,2026-10-14T11:01:00,2.7,LOW,0.5,0.11,0.22,0.2,0.3,0.0,0.0,0.0,-1
INC-0115,6.912757,79.942213,living_street,Unknown,2,1,fuel_empty,0.2,6,43,0,Monday,11,30,2026-11-03T06:43:00,2.9,LOW,0.5,0.135,0.45,0.1,0.2,0.0,0.0,0.0,-1
INC-0116,6.823346,79.870763,trunk,Galle Road,3,1,accident_minor,0.5,9,11,5,Saturday,2,63,2026-02-28T09:11:00,5.0,HIGH,0.333,0.459,0.51,0.85,0.5,0.0,0.0,0.0,-1
INC-0117,6.878772,80.086701,trunk,High Level Road,1,1,engine_failure,0.7,18,6,4,Friday,4,97,2026-04-06T18:06:00,9.1,CRITICAL,1.0,0.9,1.0,0.85,0.7,15.0,450.0,30.0,-1
INC-0118,6.909259,79.855254,tertiary,Unity Place,2,1,accident_minor,0.5,18,10,4,Friday,12,35,2026-12-23T18:10:00,5.9,HIGH,0.5,0.55,1.0,0.35,0.5,1.88,42.2,22.5,-1
INC-0119,6.812337,79.881295,trunk,Galle Road,3,1,accident_minor,0.5,16,18,6,Sunday,4,53,2026-04-13T16:18:00,4.2,MEDIUM,0.333,0.288,0.32,0.85,0.5,0.0,0.0,0.0,-1
INC-0120,6.932223,79.971884,motorway,Outer Circular Highway,2,1,accident_minor,0.5,15,17,3,Thursday,5,60,2026-05-24T15:17:00,6.3,HIGH,0.5,0.617,0.65,1.0,0.5,2.06,46.4,19.3,-1
INC-0121,6.855417,80.080082,living_street,Unknown,2,2,accident_major,1.0,8,34,1,Tuesday,6,159,2026-06-15T08:34:00,6.9,HIGH,1.0,0.3,1.0,0.1,1.0,2.5,150.0,60.0,-1
INC-0122,6.929331,79.844327,primary,New Baladaksha Mawatha,2,2,accident_major,1.0,18,19,3,Thursday,12,116,2026-12-12T18:19:00,9.2,CRITICAL,1.0,0.85,1.0,0.7,1.0,15.0,1200.0,60.0,10
INC-0123,6.832248,79.963777,secondary,Piliyandala - Kottawa Road,2,1,accident_minor,0.5,15,50,3,Thursday,4,59,2026-04-26T15:50:00,5.2,HIGH,0.5,0.455,0.65,0.5,0.5,0.75,16.9,19.3,-1
INC-0124,6.857123,79.909222,trunk,High Level Road,2,1,battery_dead,0.3,12,41,6,Sunday,10,24,2026-10-22T12:41:00,4.1,MEDIUM,0.5,0.234,0.26,0.85,0.3,0.0,0.0,0.0,-1
INC-0125,6.823843,79.985766,motorway,Southern Expressway,2,1,engine_failure,0.7,13,20,4,Friday,3,65,2026-03-26T13:20:00,6.4,HIGH,0.5,0.57,0.6,1.0,0.7,1.83,55.0,15.0,5
INC-0126,6.856883,79.977748,motorway,Outer Circular Highway,2,1,accident_minor,0.5,8,59,2,Wednesday,8,41,2026-08-07T08:59:00,7.9,HIGH,0.5,0.95,1.0,1.0,0.5,6.88,154.7,22.5,16
INC-0127,6.853789,80.031805,primary,Malabe - Godagama Road,2,1,accident_minor,0.5,8,58,1,Tuesday,12,45,2026-12-02T08:58:00,7.2,HIGH,0.5,0.85,1.0,0.7,0.5,3.75,84.4,22.5,6
INC-0128,6.89152,79.921604,secondary,Japan Sri Lanka Friendship Road,2,1,accident_minor,0.5,11,22,2,Wednesday,11,43,2026-11-10T11:22:00,4.8,MEDIUM,0.5,0.385,0.55,0.5,0.5,0.25,5.6,5.0,-1
INC-0129,6.919502,79.870339,tertiary,Kynsey Road,2,1,flat_tire,0.3,14,9,4,Friday,9,35,2026-09-01T14:09:00,4.1,MEDIUM,0.5,0.303,0.55,0.35,0.3,0.12,1.9,3.3,17
INC-0130,6.811707,79.967112,tertiary,Polgasowita Road,2,1,engine_failure,0.7,10,27,0,Monday,5,62,2026-05-15T10:27:00,4.8,MEDIUM,0.5,0.33,0.6,0.35,0.7,0.5,15.0,15.0,-1
INC-0131,6.946436,80.215118,trunk,Avissawella - Ratnapura Road,2,1,accident_minor,0.5,19,43,2,Wednesday,6,40,2026-06-12T19:43:00,6.5,HIGH,0.5,0.675,0.75,0.85,0.5,2.81,63.3,45.0,-1
INC-0132,6.803617,79.983989,motorway,Southern Expressway,2,1,flat_tire,0.3,17,34,2,Wednesday,5,25,2026-05-27T17:34:00,7.4,HIGH,0.5,0.902,0.95,1.0,0.3,4.12,61.9,180.0,-1
INC-0133,6.827713,79.867123,residential,Unknown,2,1,accident_minor,0.5,6,41,2,Wednesday,2,45,2026-02-24T06:41:00,3.6,MEDIUM,0.5,0.18,0.45,0.15,0.5,0.0,0.0,0.0,-1
INC-0134,6.867081,80.110802,tertiary,Pahathgama-Diddeniya Road,2,1,engine_failure,0.7,14,22,4,Friday,4,67,2026-04-23T14:22:00,4.7,MEDIUM,0.5,0.303,0.55,0.35,0.7,0.25,7.5,6.7,-1
INC-0135,6.940302,80.128229,trunk,High Level Road,2,1,engine_failure,0.7,17,41,4,Friday,8,47,2026-08-18T17:41:00,7.6,HIGH,0.5,0.855,0.95,0.85,0.7,6.75,202.5,180.0,-1
INC-0136,6.954207,80.210228,trunk,High Level Road,2,1,flat_tire,0.3,21,46,4,Friday,7,34,2026-07-23T21:46:00,4.2,MEDIUM,0.5,0.27,0.3,0.85,0.3,0.0,0.0,0.0,2
INC-0137,6.921681,79.98106,motorway,Outer Circular Highway,2,2,accident_major,1.0,14,16,5,Saturday,8,127,2026-08-17T14:16:00,6.9,HIGH,1.0,0.313,0.33,1.0,1.0,12.1,726.0,59.1,-1
INC-0138,6.947707,79.870299,primary,Sirimavo Bandaranaike Mawatha (Prince of Wales Avenue),3,2,accident_major,1.0,8,15,5,Saturday,5,136,2026-05-09T08:15:00,6.7,HIGH,0.667,0.51,0.6,0.7,1.0,5.33,320.0,80.0,3
INC-0139,6.848107,80.037785,secondary,Godagama-Padukka Road,2,2,accident_major,1.0,23,5,1,Tuesday,1,107,2026-01-09T23:05:00,5.1,HIGH,1.0,0.07,0.1,0.5,1.0,1.33,80.0,13.3,-1
INC-0140,6.86848,79.89171,trunk,High Level Road,4,1,engine_failure,0.7,7,33,2,Wednesday,4,63,2026-04-06T07:33:00,6.3,HIGH,0.25,0.72,0.8,0.85,0.7,0.75,22.5,15.0,18
INC-0141,6.875067,79.881255,trunk,High Level Road,2,1,battery_dead,0.3,19,22,2,Wednesday,11,23,2026-11-01T19:22:00,6.2,HIGH,0.5,0.675,0.75,0.85,0.3,1.56,19.5,25.0,14
INC-0142,6.832732,79.924885,tertiary,Neelammahara Road,2,1,engine_failure,0.7,10,6,3,Thursday,3,60,2026-03-28T10:06:00,4.8,MEDIUM,0.5,0.33,0.6,0.35,0.7,0.5,15.0,15.0,-1
INC-0143,6.852656,79.968695,secondary,Malabe-Kottawa Road,2,1,accident_minor,0.5,15,34,1,Tuesday,10,59,2026-10-11T15:34:00,5.2,HIGH,0.5,0.455,0.65,0.5,0.5,0.75,16.9,19.3,-1
INC-0144,6.909565,80.085899,primary,Avissawella Road(Colombo-Hanwella Low Level Road),2,1,accident_minor,0.5,11,25,6,Sunday,2,65,2026-02-06T11:25:00,4.0,MEDIUM,0.5,0.187,0.22,0.7,0.5,0.0,0.0,0.0,-1
INC-0145,6.81189,79.985196,motorway,Southern Expressway,2,1,fuel_empty,0.2,7,4,2,Wednesday,5,28,2026-05-15T07:04:00,6.6,HIGH,0.5,0.76,0.8,1.0,0.2,1.83,18.3,30.0,-1
INC-0146,6.915599,79.854786,secondary,Perahera Mawatha,2,1,fuel_empty,0.2,17,58,3,Thursday,5,23,2026-05-23T17:58:00,5.9,HIGH,0.5,0.665,0.95,0.5,0.2,1.0,10.0,180.0,13
INC-0147,6.93709,79.899268,primary,Avissawella Road,4,1,battery_dead,0.3,7,14,1,Tuesday,11,23,2026-11-19T07:14:00,5.4,HIGH,0.25,0.68,0.8,0.7,0.3,0.21,2.6,6.2,-1
INC-0148,6.92752,79.850151,trunk,Kumaran Ratnam Road,4,1,flat_tire,0.3,13,47,3,Thursday,11,34,2026-11-15T13:47:00,4.9,MEDIUM,0.25,0.54,0.6,0.85,0.3,0.0,0.0,0.0,10
INC-0149,6.856008,80.030639,primary,Malabe - Godagama Road,2,1,accident_minor,0.5,7,29,4,Friday,1,43,2026-01-13T07:29:00,6.3,HIGH,0.5,0.68,0.8,0.7,0.5,2.25,50.6,67.5,6
INC-0150,6.840762,79.980386,motorway,Southern Expressway,2,2,accident_major,1.0,8,12,1,Tuesday,8,114,2026-08-17T08:12:00,9.9,CRITICAL,1.0,0.95,1.0,1.0,1.0,15.0,2200.0,60.0,12
INC-0151,6.940777,80.214224,trunk,Avissawella - Ratnapura Road,2,1,engine_failure,0.7,21,3,0,Monday,6,41,2026-06-01T21:03:00,4.8,MEDIUM,0.5,0.27,0.3,0.85,0.7,0.0,0.0,0.0,-1
INC-0152,6.79175,79.995178,tertiary,Kahathuduwa-Diyagama road,2,1,flat_tire,0.3,17,20,5,Saturday,9,30,2026-09-26T17:20:00,4.1,MEDIUM,0.5,0.313,0.57,0.35,0.3,0.17,2.6,4.9,-1
INC-0153,6.945208,79.873862,primary,Stace Road,2,1,accident_minor,0.5,12,41,5,Saturday,1,59,2026-01-26T12:41:00,4.7,MEDIUM,0.5,0.331,0.39,0.7,0.5,0.0,0.0,0.0,3
INC-0154,6.947065,79.898401,primary,Ambatale Road,2,1,battery_dead,0.3,17,24,0,Monday,4,18,2026-04-10T17:24:00,6.7,HIGH,0.5,0.807,0.95,0.7,0.3,1.88,23.4,180.0,-1
INC-0155,6.872201,79.905253,secondary,Old Kottawa Road,2,1,accident_minor,0.5,8,34,5,Saturday,1,37,2026-01-23T08:34:00,5.0,HIGH,0.5,0.42,0.6,0.5,0.5,0.5,11.2,11.2,-1
INC-0156,6.883578,79.97841,primary,Malabe - Athurugiriya Road,2,1,flat_tire,0.3,8,10,1,Tuesday,9,21,2026-09-25T08:10:00,6.9,HIGH,0.5,0.85,1.0,0.7,0.3,2.5,37.5,15.0,-1
INC-0157,6.911464,79.981816,motorway,Outer Circular Highway,2,1,flat_tire,0.3,17,2,2,Wednesday,7,32,2026-07-09T17:02:00,7.4,HIGH,0.5,0.902,0.95,1.0,0.3,4.12,61.9,180.0,-1
INC-0158,6.827991,80.066687,tertiary,Madulawa Road,2,1,accident_minor,0.5,9,45,1,Tuesday,5,37,2026-05-01T09:45:00,5.4,HIGH,0.5,0.468,0.85,0.35,0.5,1.31,29.5,105.0,-1
INC-0159,6.913009,80.096034,trunk,High Level Road,2,1,engine_failure,0.7,10,5,2,Wednesday,4,64,2026-04-13T10:05:00,6.1,HIGH,0.5,0.54,0.6,0.85,0.7,1.5,45.0,15.0,8
INC-0160,6.787482,79.957436,residential,Unknown,2,1,battery_dead,0.3,17,53,1,Tuesday,10,13,2026-10-03T17:53:00,4.8,MEDIUM,0.5,0.38,0.95,0.15,0.3,0.47,5.9,180.0,-1
INC-0161,6.839756,79.993889,trunk,High Level Road,2,1,flat_tire,0.3,11,37,3,Thursday,2,30,2026-02-23T11:37:00,5.3,HIGH,0.5,0.495,0.55,0.85,0.3,0.38,5.6,3.3,-1
INC-0162,6.777588,79.946356,living_street,Unknown,2,1,overheating,0.5,8,30,4,Friday,7,31,2026-07-16T08:30:00,4.9,MEDIUM,0.5,0.3,1.0,0.1,0.5,0.42,8.3,20.0,-1
INC-0163,6.876992,79.886989,tertiary,Kandewatta Road,2,1,engine_failure,0.7,18,11,2,Wednesday,12,40,2026-12-08T18:11:00,6.2,HIGH,0.5,0.55,1.0,0.35,0.7,2.5,75.0,30.0,18
INC-0164,6.843342,80.060298,secondary,Godagama-Padukka Road,2,1,overheating,0.5,20,43,1,Tuesday,5,36,2026-05-20T20:43:00,4.4,MEDIUM,0.5,0.315,0.45,0.5,0.5,0.0,0.0,0.0,-1
INC-0165,6.910035,79.894898,primary,Cotta Road,2,1,flat_tire,0.3,18,32,3,Thursday,12,23,2026-12-06T18:32:00,6.9,HIGH,0.5,0.85,1.0,0.7,0.3,2.5,37.5,15.0,11
INC-0166,6.907214,80.118092,living_street,Unknown,2,1,engine_failure,0.7,10,56,3,Thursday,11,38,2026-11-03T10:56:00,4.1,MEDIUM,0.5,0.18,0.6,0.1,0.7,0.12,3.8,15.0,-1
INC-0167,6.771204,79.885556,secondary,Egoda Uyana Road,2,1,engine_failure,0.7,16,54,0,Monday,6,24,2026-06-11T16:54:00,6.0,HIGH,0.5,0.56,0.8,0.5,0.7,2.0,60.0,90.0,-1
INC-0168,6.924598,79.852258,tertiary,Kew Passege,2,1,accident_minor,0.5,11,37,4,Friday,3,61,2026-03-24T11:37:00,4.4,MEDIUM,0.5,0.303,0.55,0.35,0.5,0.19,4.2,5.0,10
INC-0169,6.894088,79.861723,trunk,Sri Sambuddhatwa Jayanthi Mawatha (Havelock Road),4,2,accident_major,1.0,7,6,1,Tuesday,9,139,2026-09-15T07:06:00,7.4,HIGH,0.5,0.72,0.8,0.85,1.0,9.0,540.0,180.0,-1
INC-0170,6.945912,79.889372,tertiary,Ramyaweera Mawatha,2,1,engine_failure,0.7,22,9,5,Saturday,9,43,2026-09-22T22:09:00,3.1,MEDIUM,0.5,0.05,0.09,0.35,0.7,0.0,0.0,0.0,-1
INC-0171,6.923192,80.023885,primary,Avissawella Road(Colombo-Hanwella Low Level Road),2,1,accident_minor,0.5,7,15,4,Friday,4,51,2026-04-03T07:15:00,6.3,HIGH,0.5,0.68,0.8,0.7,0.5,2.25,50.6,67.5,-1
INC-0172,6.859692,79.867356,primary,Anagarika Dharmapala Mawatha (Allen Avenue),2,1,flat_tire,0.3,13,3,0,Monday,4,38,2026-04-13T13:03:00,5.2,HIGH,0.5,0.51,0.6,0.7,0.3,0.5,7.5,7.5,7
INC-0173,6.942733,80.142756,trunk,High Level Road,2,1,overheating,0.5,12,12,6,Sunday,4,40,2026-04-18T12:12:00,4.4,MEDIUM,0.5,0.234,0.26,0.85,0.5,0.0,0.0,0.0,-1
INC-0174,6.790686,79.981659,motorway,Southern Expressway,2,1,engine_failure,0.7,11,4,4,Friday,10,55,2026-10-25T11:04:00,6.2,HIGH,0.5,0.522,0.55,1.0,0.7,0.92,27.5,6.7,-1
INC-0175,6.916472,79.873281,tertiary,Kynsey Road,2,1,overheating,0.5,6,55,1,Tuesday,7,30,2026-07-19T06:55:00,4.0,MEDIUM,0.5,0.248,0.45,0.35,0.5,0.0,0.0,0.0,17
INC-0176,6.896464,79.89123,secondary,Nawala Road,2,2,accident_major,1.0,16,3,6,Sunday,1,99,2026-01-05T16:03:00,5.9,HIGH,1.0,0.224,0.32,0.5,1.0,4.27,256.0,56.5,-1
INC-0177,6.900131,80.091319,tertiary,Pahathgama-Diddeniya Road,2,1,engine_failure,0.7,16,59,5,Saturday,2,35,2026-02-05T16:59:00,4.4,MEDIUM,0.5,0.264,0.48,0.35,0.7,0.0,0.0,0.0,-1
INC-0178,6.842271,79.909769,primary,Dehiwela Road (Dehiwela-Maharagama Road),2,1,engine_failure,0.7,12,13,1,Tuesday,6,55,2026-06-05T12:13:00,6.0,HIGH,0.5,0.552,0.65,0.7,0.7,1.5,45.0,25.7,-1
INC-0179,6.874359,79.870864,primary,Havelock Road,2,1,engine_failure,0.7,13,53,4,Friday,5,68,2026-05-10T13:53:00,5.8,HIGH,0.5,0.51,0.6,0.7,0.7,1.0,30.0,15.0,9
INC-0180,6.915251,79.855872,secondary,Perahera Mawatha,2,1,engine_failure,0.7,19,44,6,Sunday,2,38,2026-02-05T19:44:00,4.2,MEDIUM,0.5,0.21,0.3,0.5,0.7,0.0,0.0,0.0,13
INC-0181,6.920441,80.097922,tertiary,Kaluaggala-Akarawita Road,2,1,accident_minor,0.5,7,59,3,Thursday,5,39,2026-05-20T07:59:00,5.2,HIGH,0.5,0.44,0.8,0.35,0.5,1.12,25.3,67.5,8
INC-0182,6.873066,79.888835,secondary,Poorwarama Road,2,2,accident_major,1.0,18,28,2,Wednesday,6,139,2026-06-10T18:28:00,8.5,CRITICAL,1.0,0.7,1.0,0.5,1.0,13.33,800.0,60.0,18
INC-0183,6.8051,79.954996,tertiary,Kudamaduwa Road,2,1,battery_dead,0.3,21,16,4,Friday,9,23,2026-09-01T21:16:00,3.2,MEDIUM,0.5,0.165,0.3,0.35,0.3,0.0,0.0,0.0,-1
INC-0184,6.845009,79.940284,trunk,High Level Road,2,1,overheating,0.5,8,39,2,Wednesday,11,35,2026-11-23T08:39:00,7.5,HIGH,0.5,0.9,1.0,0.85,0.5,5.0,100.0,20.0,19
INC-0185,6.921402,79.847583,primary,Sir Mohamed Macan Makar Mawatha,2,1,battery_dead,0.3,17,14,5,Saturday,7,20,2026-07-24T17:14:00,5.1,HIGH,0.5,0.484,0.57,0.7,0.3,0.29,3.6,4.1,-1
INC-0186,6.908865,79.929335,secondary,Kalapaluwawa Road,2,1,flat_tire,0.3,18,0,0,Monday,8,29,2026-08-03T18:00:00,6.2,HIGH,0.5,0.7,1.0,0.5,0.3,1.67,25.0,15.0,-1
INC-0187,6.822809,80.141584,secondary,Meepe-Ingiriya Road,2,1,overheating,0.5,18,57,2,Wednesday,4,27,2026-04-11T18:57:00,6.5,HIGH,0.5,0.7,1.0,0.5,0.5,2.22,44.4,20.0,-1
INC-0188,6.927432,79.859956,primary,D. R. Wijewardene Mawatha,2,1,accident_minor,0.5,19,7,1,Tuesday,6,20,2026-06-15T19:07:00,6.1,HIGH,0.5,0.637,0.75,0.7,0.5,1.88,42.2,45.0,-1
INC-0189,6.83339,79.926678,residential,Sadu Mawatha,2,1,overheating,0.5,9,39,3,Thursday,2,43,2026-02-15T09:39:00,4.8,MEDIUM,0.5,0.34,0.85,0.15,0.5,0.58,11.7,93.3,-1
INC-0190,6.883782,79.977636,primary,Malabe - Athurugiriya Road,2,1,fuel_empty,0.2,17,57,2,Wednesday,2,14,2026-02-10T17:57:00,6.5,HIGH,0.5,0.807,0.95,0.7,0.2,1.5,15.0,180.0,-1
INC-0191,6.916954,79.864897,secondary,Dr. C. W. W. Kannangara Mawatha (Alexandra Place),3,1,engine_failure,0.7,22,53,2,Wednesday,12,70,2026-12-02T22:53:00,3.2,MEDIUM,0.333,0.105,0.15,0.5,0.7,0.0,0.0,0.0,-1
INC-0192,6.880397,80.018011,secondary,Habarakada-Ranala Road,2,1,flat_tire,0.3,10,58,3,Thursday,10,28,2026-10-25T10:58:00,4.7,MEDIUM,0.5,0.42,0.6,0.5,0.3,0.33,5.0,7.5,-1
INC-0193,6.951861,79.880073,motorway,Golden Gate Kalyani,2,1,engine_failure,0.7,20,43,1,Tuesday,1,38,2026-01-24T20:43:00,5.8,HIGH,0.5,0.427,0.45,1.0,0.7,0.0,0.0,0.0,24
INC-0194,6.913371,79.944344,living_street,Unknown,2,1,battery_dead,0.3,9,46,1,Tuesday,5,33,2026-05-08T09:46:00,4.2,MEDIUM,0.5,0.255,0.85,0.1,0.3,0.18,2.3,58.3,-1
INC-0195,6.927863,80.115024,trunk,High Level Road,2,1,accident_minor,0.5,8,31,1,Tuesday,6,43,2026-06-22T08:31:00,7.5,HIGH,0.5,0.9,1.0,0.85,0.5,5.62,126.6,22.5,-1
INC-0196,6.914825,79.910596,secondary,Buthgamuwa Road,2,2,accident_major,1.0,18,30,2,Wednesday,7,116,2026-07-24T18:30:00,8.5,CRITICAL,1.0,0.7,1.0,0.5,1.0,13.33,800.0,60.0,-1
INC-0197,6.886897,79.962156,secondary,Malabe-Kottawa Road,2,1,engine_failure,0.7,18,32,3,Thursday,6,62,2026-06-19T18:32:00,6.8,HIGH,0.5,0.7,1.0,0.5,0.7,3.33,100.0,30.0,-1
INC-0198,6.785599,79.877333,tertiary,Uyana Road,2,1,battery_dead,0.3,12,7,2,Wednesday,8,18,2026-08-01T12:07:00,4.4,MEDIUM,0.5,0.358,0.65,0.35,0.3,0.31,3.9,10.7,-1
INC-0199,6.783592,79.983076,primary,Colombo - Horana Road,2,1,battery_dead,0.3,9,34,2,Wednesday,10,37,2026-10-02T09:34:00,6.3,HIGH,0.5,0.722,0.85,0.7,0.3,1.46,18.2,58.3,15
INC-0200,6.859988,79.928657,secondary,Pamunuwa Road,1,1,accident_minor,0.5,8,40,2,Wednesday,9,50,2026-09-20T08:40:00,7.7,HIGH,1.0,0.7,1.0,0.5,0.5,5.0,112.5,22.5,-1
INC-0201,6.854091,80.081103,trunk,High Level Road,1,1,battery_dead,0.3,19,11,4,Friday,9,33,2026-09-02T19:11:00,7.4,HIGH,1.0,0.675,0.75,0.85,0.3,4.69,58.6,75.0,-1
INC-0202,6.943074,80.139655,trunk,High Level Road,2,1,battery_dead,0.3,13,18,6,Sunday,4,30,2026-04-15T13:18:00,4.0,MEDIUM,0.5,0.216,0.24,0.85,0.3,0.0,0.0,0.0,-1
INC-0203,6.868746,79.858835,primary,Marine Drive,2,2,accident_major,1.0,19,34,0,Monday,6,105,2026-06-21T19:34:00,8.1,CRITICAL,1.0,0.637,0.75,0.7,1.0,15.0,900.0,180.0,7
INC-0204,6.769774,79.941694,residential,Unknown,2,1,engine_failure,0.7,11,6,2,Wednesday,3,52,2026-03-24T11:06:00,4.2,MEDIUM,0.5,0.22,0.55,0.15,0.7,0.12,3.8,6.7,-1
INC-0205,6.945095,79.86855,primary,Layard's Broadway,2,1,flat_tire,0.3,17,55,3,Thursday,2,21,2026-02-18T17:55:00,6.7,HIGH,0.5,0.807,0.95,0.7,0.3,2.25,33.8,180.0,3
INC-0206,6.855269,80.089492,trunk,High Level Road,1,1,accident_major,1.0,18,57,4,Friday,4,133,2026-04-19T18:57:00,9.5,CRITICAL,1.0,0.9,1.0,0.85,1.0,15.0,1800.0,60.0,-1
INC-0207,6.855944,79.874311,tertiary,Quarry Road,2,1,flat_tire,0.3,9,54,1,Tuesday,4,31,2026-04-17T09:54:00,5.1,HIGH,0.5,0.468,0.85,0.35,0.3,0.88,13.1,70.0,7
INC-0208,6.943102,79.92405,primary,Ambatale Road,2,1,engine_failure,0.7,17,47,1,Tuesday,6,70,2026-06-15T17:47:00,7.3,HIGH,0.5,0.807,0.95,0.7,0.7,4.5,135.0,180.0,-1
INC-0209,6.938549,79.850808,primary,N. H. M. Abdul Cader Mawatha,2,1,engine_failure,0.7,16,15,1,Tuesday,4,50,2026-04-10T16:15:00,6.7,HIGH,0.5,0.68,0.8,0.7,0.7,3.0,90.0,90.0,23
INC-0210,6.860516,79.872937,tertiary,Robert Road,2,1,accident_minor,0.5,9,52,0,Monday,3,55,2026-03-14T09:52:00,5.4,HIGH,0.5,0.468,0.85,0.35,0.5,1.31,29.5,105.0,7
INC-0211,6.854585,79.978102,motorway,Outer Circular Highway,2,1,engine_failure,0.7,13,19,4,Friday,10,51,2026-10-05T13:19:00,6.4,HIGH,0.5,0.57,0.6,1.0,0.7,1.83,55.0,15.0,16
INC-0212,6.964945,80.169592,tertiary,Eswaththa - Ranwala Road,2,1,battery_dead,0.3,20,23,4,Friday,6,26,2026-06-09T20:23:00,3.7,MEDIUM,0.5,0.248,0.45,0.35,0.3,0.0,0.0,0.0,-1
INC-0213,6.8657,80.015112,primary,Malabe - Godagama Road,2,1,accident_minor,0.5,7,30,6,Sunday,9,56,2026-09-04T07:30:00,4.4,MEDIUM,0.5,0.272,0.32,0.7,0.5,0.0,0.0,0.0,-1
INC-0214,6.795586,79.982677,motorway,Southern Expressway,2,1,overheating,0.5,10,30,2,Wednesday,6,31,2026-06-12T10:30:00,6.1,HIGH,0.5,0.57,0.6,1.0,0.5,1.22,24.4,10.0,-1
INC-0215,6.890809,79.876896,trunk,Elvitigala Mawatha,3,1,battery_dead,0.3,6,17,5,Saturday,9,11,2026-09-21T06:17:00,3.7,MEDIUM,0.333,0.243,0.27,0.85,0.3,0.0,0.0,0.0,20
INC-0216,6.914342,80.097563,trunk,High Level Road,2,1,battery_dead,0.3,5,55,3,Thursday,8,17,2026-08-15T05:55:00,3.6,MEDIUM,0.5,0.135,0.15,0.85,0.3,0.0,0.0,0.0,8
INC-0217,6.942782,80.196993,trunk,High Level Road,2,1,engine_failure,0.7,19,55,1,Tuesday,9,74,2026-09-05T19:55:00,6.8,HIGH,0.5,0.675,0.75,0.85,0.7,3.75,112.5,60.0,-1
INC-0218,6.803899,80.05031,tertiary,Dampe Road,2,1,flat_tire,0.3,15,18,1,Tuesday,5,18,2026-05-12T15:18:00,4.4,MEDIUM,0.5,0.358,0.65,0.35,0.3,0.38,5.6,12.9,-1
INC-0219,6.89298,79.874081,primary,Bernard Soysa Mawatha (Kirula Road),4,1,flat_tire,0.3,8,3,2,Wednesday,9,33,2026-09-07T08:03:00,6.3,HIGH,0.25,0.85,1.0,0.7,0.3,1.25,18.8,15.0,20
INC-0220,6.84831,80.169322,unclassified,Unknown,2,1,flat_tire,0.3,11,42,0,Monday,6,30,2026-06-17T11:42:00,3.8,MEDIUM,0.5,0.275,0.55,0.2,0.3,0.08,1.3,3.3,-1
INC-0221,6.881519,79.982969,primary,Malabe - Athurugiriya Road,2,1,flat_tire,0.3,13,0,2,Wednesday,5,28,2026-05-02T13:00:00,5.2,HIGH,0.5,0.51,0.6,0.7,0.3,0.5,7.5,7.5,-1
INC-0222,6.894664,79.939626,residential,Isuru Uyana,2,1,battery_dead,0.3,13,38,3,Thursday,8,23,2026-08-15T13:38:00,3.7,MEDIUM,0.5,0.24,0.6,0.15,0.3,0.1,1.3,6.2,-1
INC-0223,6.933337,79.990463,primary,Avissawella Road(Colombo-Hanwella Low Level Road),2,1,fuel_empty,0.2,13,50,4,Friday,7,26,2026-07-21T13:50:00,5.1,HIGH,0.5,0.51,0.6,0.7,0.2,0.33,3.3,5.0,-1
INC-0224,6.839492,79.989298,trunk,High Level Road,2,1,accident_minor,0.5,8,20,4,Friday,4,34,2026-04-28T08:20:00,7.5,HIGH,0.5,0.9,1.0,0.85,0.5,5.62,126.6,22.5,-1
INC-0225,6.801722,80.02428,secondary,Kottawa Thalagala Road,2,1,overheating,0.5,15,27,4,Friday,2,24,2026-02-25T15:27:00,5.2,HIGH,0.5,0.455,0.65,0.5,0.5,0.67,13.3,17.1,-1
INC-0226,6.876197,79.958252,residential,Unknown,2,1,engine_failure,0.7,18,38,4,Friday,9,43,2026-09-27T18:38:00,5.5,HIGH,0.5,0.4,1.0,0.15,0.7,1.25,37.5,30.0,-1
INC-0227,6.854983,80.056266,trunk,High Level Road,2,1,fuel_empty,0.2,21,55,1,Tuesday,8,15,2026-08-24T21:55:00,4.1,MEDIUM,0.5,0.27,0.3,0.85,0.2,0.0,0.0,0.0,-1
INC-0228,6.92784,79.916578,secondary,Buthgamuwa Road,2,1,engine_failure,0.7,17,14,5,Saturday,8,76,2026-08-18T17:14:00,5.2,HIGH,0.5,0.399,0.57,0.5,0.7,0.47,14.0,9.8,-1
INC-0229,6.815596,79.877627,trunk,Galle Road,3,2,accident_major,1.0,18,6,3,Thursday,3,100,2026-03-27T18:06:00,8.7,CRITICAL,0.667,0.9,1.0,0.85,1.0,15.0,1200.0,60.0,-1
INC-0230,6.799267,79.918709,secondary,Moratuwa - Piliyandala Road,2,1,battery_dead,0.3,17,42,1,Tuesday,6,21,2026-06-14T17:42:00,6.0,HIGH,0.5,0.665,0.95,0.5,0.3,1.25,15.6,180.0,-1
INC-0231,6.936455,80.172013,trunk,High Level Road,2,1,battery_dead,0.3,18,45,1,Tuesday,1,33,2026-01-13T18:45:00,7.2,HIGH,0.5,0.9,1.0,0.85,0.3,3.12,39.1,12.5,-1
INC-0232,6.92744,79.849875,trunk,Slave Island Police Round About,2,1,flat_tire,0.3,19,30,4,Friday,11,42,2026-11-05T19:30:00,6.2,HIGH,0.5,0.675,0.75,0.85,0.3,1.88,28.1,30.0,10
INC-0233,6.846697,79.888065,primary,Dehiwela Road (Dehiwela-Maharagama Road),2,1,accident_minor,0.5,17,33,1,Tuesday,5,48,2026-05-03T17:33:00,7.0,HIGH,0.5,0.807,0.95,0.7,0.5,3.38,75.9,180.0,-1
INC-0234,6.858197,80.003186,secondary,Homagama Athurugiriya road,2,1,accident_minor,0.5,17,43,6,Sunday,2,49,2026-02-15T17:43:00,4.2,MEDIUM,0.5,0.266,0.38,0.5,0.5,0.0,0.0,0.0,-1
INC-0235,6.85872,79.915598,secondary,Old Kottawa Road,2,1,engine_failure,0.7,9,21,5,Saturday,12,49,2026-12-26T09:21:00,5.0,HIGH,0.5,0.357,0.51,0.5,0.7,0.07,2.0,1.2,-1
INC-0236,6.805691,79.926754,residential,Jaya Mawatha,2,1,battery_dead,0.3,18,17,4,Friday,9,37,2026-09-23T18:17:00,4.9,MEDIUM,0.5,0.4,1.0,0.15,0.3,0.52,6.5,12.5,-1
INC-0237,6.837421,79.981668,motorway,Southern Expressway,2,1,engine_failure,0.7,19,10,5,Saturday,11,51,2026-11-03T19:10:00,5.8,HIGH,0.5,0.427,0.45,1.0,0.7,0.0,0.0,0.0,12
INC-0238,6.891091,79.879079,primary,Nawala Road,2,1,engine_failure,0.7,0,46,1,Tuesday,9,65,2026-09-20T00:46:00,3.6,MEDIUM,0.5,0.043,0.05,0.7,0.7,0.0,0.0,0.0,20
INC-0239,6.83585,79.932459,secondary,Piliyandala-Maharagama Road,2,1,battery_dead,0.3,9,2,4,Friday,9,32,2026-09-15T09:02:00,5.6,HIGH,0.5,0.595,0.85,0.5,0.3,0.97,12.2,58.3,-1
INC-0240,6.861172,79.864245,primary,Anagarika Dharmapala Mawatha (Allen Avenue),2,1,overheating,0.5,19,38,4,Friday,12,24,2026-12-13T19:38:00,6.1,HIGH,0.5,0.637,0.75,0.7,0.5,1.67,33.3,40.0,7
INC-0241,6.875237,79.859923,primary,Wellawatta Station Road,2,2,accident_major,1.0,19,26,3,Thursday,11,159,2026-11-02T19:26:00,8.1,CRITICAL,1.0,0.637,0.75,0.7,1.0,15.0,900.0,180.0,-1
INC-0242,6.822326,79.871619,trunk,Galle Road,3,1,accident_minor,0.5,11,29,4,Friday,11,43,2026-11-20T11:29:00,5.2,HIGH,0.333,0.495,0.55,0.85,0.5,0.0,0.0,0.0,-1
INC-0243,6.832771,80.148946,secondary,Ihala Bope-Labugama Road,2,1,engine_failure,0.7,5,37,1,Tuesday,9,69,2026-09-19T05:37:00,3.6,MEDIUM,0.5,0.105,0.15,0.5,0.7,0.0,0.0,0.0,-1
INC-0244,6.809365,79.938683,secondary,Piliyandala-Maharagama Road,2,1,battery_dead,0.3,22,13,4,Friday,11,31,2026-11-28T22:13:00,3.0,MEDIUM,0.5,0.105,0.15,0.5,0.3,0.0,0.0,0.0,-1
INC-0245,6.894168,79.877099,trunk,Elvitigala Mawatha,3,1,engine_failure,0.7,19,13,1,Tuesday,5,26,2026-05-04T19:13:00,6.3,HIGH,0.333,0.675,0.75,0.85,0.7,1.25,37.5,20.0,20
INC-0246,6.854772,79.891671,primary,Colombo-Piliyandala-Horana Road,1,1,accident_minor,0.5,9,58,4,Friday,9,41,2026-09-04T09:58:00,7.8,HIGH,1.0,0.722,0.85,0.7,0.5,6.38,143.4,180.0,-1
INC-0247,6.863498,79.978132,motorway,Outer Circular Highway,2,1,battery_dead,0.3,19,45,2,Wednesday,8,21,2026-08-23T19:45:00,6.5,HIGH,0.5,0.712,0.75,1.0,0.3,1.91,23.9,25.0,4
INC-0248,6.911413,79.872631,trunk,Horton Place,2,1,engine_failure,0.7,9,45,5,Saturday,5,74,2026-05-05T09:45:00,5.7,HIGH,0.5,0.459,0.51,0.85,0.7,0.15,4.5,1.2,17
INC-0249,6.864971,79.85958,primary,Marine Drive,2,1,flat_tire,0.3,14,52,0,Monday,9,19,2026-09-04T14:52:00,5.0,HIGH,0.5,0.468,0.55,0.7,0.3,0.25,3.8,3.3,7
INC-0250,6.927819,79.862714,primary,T. B. Jayah Mawatha,3,1,engine_failure,0.7,8,21,3,Thursday,3,58,2026-03-06T08:21:00,7.1,HIGH,0.333,0.85,1.0,0.7,0.7,3.33,100.0,30.0,-1
INC-0251,6.858238,80.022856,unclassified,Unknown,2,2,accident_major,1.0,8,6,0,Monday,4,112,2026-04-22T08:06:00,7.5,HIGH,1.0,0.5,1.0,0.2,1.0,6.67,400.0,60.0,-1
INC-0252,6.838749,79.978833,trunk,High Level Road,4,1,overheating,0.5,9,37,0,Monday,9,19,2026-09-18T09:37:00,6.3,HIGH,0.25,0.765,0.85,0.85,0.5,1.0,20.0,26.7,12
INC-0253,6.910832,79.86493,unclassified,Unknown,2,1,accident_minor,0.5,6,7,1,Tuesday,10,76,2026-10-01T06:07:00,3.8,MEDIUM,0.5,0.225,0.45,0.2,0.5,0.0,0.0,0.0,-1
INC-0254,6.813902,79.973909,tertiary,Kottawa-Mattegoda,2,1,accident_minor,0.5,12,19,1,Tuesday,6,38,2026-06-17T12:19:00,4.7,MEDIUM,0.5,0.358,0.65,0.35,0.5,0.56,12.7,19.3,-1
INC-0255,6.845099,79.940246,trunk,High Level Road,2,1,flat_tire,0.3,6,59,1,Tuesday,7,25,2026-07-21T06:59:00,4.9,MEDIUM,0.5,0.405,0.45,0.85,0.3,0.0,0.0,0.0,19
INC-0256,6.891771,80.088599,trunk,High Level Road,1,1,flat_tire,0.3,9,23,0,Monday,9,17,2026-09-17T09:23:00,7.8,HIGH,1.0,0.765,0.85,0.85,0.3,6.38,95.6,170.0,-1
INC-0257,6.859124,80.106745,residential,Unknown,2,1,engine_failure,0.7,14,40,0,Monday,11,52,2026-11-14T14:40:00,4.2,MEDIUM,0.5,0.22,0.55,0.15,0.7,0.12,3.8,6.7,-1
INC-0258,6.927459,80.114833,trunk,High Level Road,2,1,engine_failure,0.7,12,11,5,Saturday,5,48,2026-05-13T12:11:00,5.2,HIGH,0.5,0.351,0.39,0.85,0.7,0.0,0.0,0.0,-1
INC-0259,6.886261,79.86531,trunk,Sri Sambuddhatwa Jayanthi Mawatha (Havelock Road),2,1,engine_failure,0.7,18,38,6,Sunday,5,53,2026-05-08T18:38:00,5.3,HIGH,0.5,0.36,0.4,0.85,0.7,0.0,0.0,0.0,-1
INC-0260,6.883537,80.012239,tertiary,Mullegama Road,2,2,accident_major,1.0,18,35,2,Wednesday,3,140,2026-03-15T18:35:00,7.9,HIGH,1.0,0.55,1.0,0.35,1.0,10.0,600.0,60.0,-1
INC-0261,6.853033,80.037288,trunk,High Level Road,2,1,fuel_empty,0.2,7,57,1,Tuesday,9,27,2026-09-07T07:57:00,6.2,HIGH,0.5,0.72,0.8,0.85,0.2,1.5,15.0,30.0,6
INC-0262,6.931076,79.842164,trunk,Galle Face Centre Road,2,1,battery_dead,0.3,16,13,3,Thursday,6,34,2026-06-09T16:13:00,6.4,HIGH,0.5,0.72,0.8,0.85,0.3,1.88,23.4,37.5,10
INC-0263,6.938484,79.874763,trunk,Sri Saddharma Mawatha,2,1,battery_dead,0.3,18,26,4,Friday,6,12,2026-06-03T18:26:00,7.2,HIGH,0.5,0.9,1.0,0.85,0.3,3.12,39.1,12.5,21
INC-0264,6.836488,79.897997,tertiary,Abeyratna Mawatha,2,1,accident_minor,0.5,16,25,5,Saturday,1,36,2026-01-25T16:25:00,4.1,MEDIUM,0.5,0.264,0.48,0.35,0.5,0.0,0.0,0.0,-1
INC-0265,6.845131,79.942975,trunk,High Level Road,2,2,accident_major,1.0,19,53,5,Saturday,4,160,2026-04-03T19:53:00,7.2,HIGH,1.0,0.405,0.45,0.85,1.0,13.5,810.0,98.2,19
INC-0266,6.905096,80.030356,secondary,Habarakada-Ranala Road,2,1,accident_minor,0.5,8,31,5,Saturday,12,46,2026-12-12T08:31:00,5.0,HIGH,0.5,0.42,0.6,0.5,0.5,0.5,11.2,11.2,-1
INC-0267,6.927791,80.11499,trunk,High Level Road,2,1,engine_failure,0.7,9,47,0,Monday,11,70,2026-11-25T09:47:00,7.2,HIGH,0.5,0.765,0.85,0.85,0.7,5.25,157.5,140.0,-1
INC-0268,6.881565,79.896354,secondary,Pagoda Road,2,1,accident_minor,0.5,8,6,0,Monday,8,12,2026-08-01T08:06:00,6.5,HIGH,0.5,0.7,1.0,0.5,0.5,2.5,56.2,22.5,-1
INC-0269,6.886564,79.865175,trunk,Sri Sambuddhatwa Jayanthi Mawatha (Havelock Road),2,1,flat_tire,0.3,5,59,2,Wednesday,3,33,2026-03-11T05:59:00,3.6,MEDIUM,0.5,0.135,0.15,0.85,0.3,0.0,0.0,0.0,-1
INC-0270,6.765145,79.936171,tertiary,Madapatha Road,2,1,flat_tire,0.3,19,7,2,Wednesday,4,41,2026-04-24T19:07:00,4.8,MEDIUM,0.5,0.413,0.75,0.35,0.3,0.62,9.4,30.0,-1
INC-0271,6.843381,80.062174,secondary,Godagama-Padukka Road,2,1,accident_minor,0.5,17,44,6,Sunday,8,43,2026-08-24T17:44:00,4.2,MEDIUM,0.5,0.266,0.38,0.5,0.5,0.0,0.0,0.0,-1
INC-0272,6.890327,80.016955,secondary,Habarakada-Ranala Road,2,1,flat_tire,0.3,5,26,0,Monday,2,33,2026-02-06T05:26:00,3.0,MEDIUM,0.5,0.105,0.15,0.5,0.3,0.0,0.0,0.0,-1
INC-0273,6.813122,80.096388,tertiary,Malagala Road,2,1,accident_minor,0.5,9,36,5,Saturday,5,10,2026-05-10T09:36:00,4.2,MEDIUM,0.5,0.281,0.51,0.35,0.5,0.04,0.8,0.9,-1
INC-0274,6.899265,80.087762,trunk,High Level Road,1,1,overheating,0.5,15,28,1,Tuesday,4,25,2026-04-17T15:28:00,7.3,HIGH,1.0,0.585,0.65,0.85,0.5,6.5,130.0,74.3,-1
INC-0275,6.934166,80.190908,trunk,High Level Road,2,1,engine_failure,0.7,15,36,2,Wednesday,2,56,2026-02-13T15:36:00,6.3,HIGH,0.5,0.585,0.65,0.85,0.7,2.25,67.5,25.7,-1
INC-0276,6.798591,79.94005,primary,Piliyandala Bypass Road,2,1,engine_failure,0.7,9,50,1,Tuesday,5,82,2026-05-14T09:50:00,6.9,HIGH,0.5,0.722,0.85,0.7,0.7,3.5,105.0,140.0,-1
INC-0277,6.903304,79.894182,secondary,Nawala Road,2,1,flat_tire,0.3,19,3,2,Wednesday,12,32,2026-12-24T19:03:00,5.3,HIGH,0.5,0.525,0.75,0.5,0.3,0.83,12.5,30.0,-1
INC-0278,6.902327,79.869839,primary,Bauddhaloka Mawatha,2,1,flat_tire,0.3,18,34,5,Saturday,8,26,2026-08-22T18:34:00,5.2,HIGH,0.5,0.51,0.6,0.7,0.3,0.5,7.5,7.5,-1
INC-0279,6.904282,79.960741,primary,Kaduwela Road (New Kandy Road),2,1,accident_minor,0.5,8,20,0,Monday,5,67,2026-05-17T08:20:00,7.2,HIGH,0.5,0.85,1.0,0.7,0.5,3.75,84.4,22.5,-1
INC-0280,6.953196,79.894992,living_street,Unknown,2,1,engine_failure,0.7,13,53,0,Monday,11,88,2026-11-07T13:53:00,4.1,MEDIUM,0.5,0.18,0.6,0.1,0.7,0.12,3.8,15.0,-1
INC-0281,6.782208,79.994015,primary,Colombo - Horana Road,2,1,fuel_empty,0.2,9,45,0,Monday,6,14,2026-06-17T09:45:00,6.1,HIGH,0.5,0.722,0.85,0.7,0.2,1.17,11.7,46.7,-1
INC-0282,6.90162,80.087747,trunk,High Level Road,2,1,fuel_empty,0.2,14,54,2,Wednesday,6,20,2026-06-11T14:54:00,5.2,HIGH,0.5,0.495,0.55,0.85,0.2,0.25,2.5,2.2,-1
INC-0283,6.73059,79.89659,trunk,Galle Road New Deviation,2,1,fuel_empty,0.2,11,10,6,Sunday,3,19,2026-03-18T11:10:00,3.8,MEDIUM,0.5,0.198,0.22,0.85,0.2,0.0,0.0,0.0,-1
INC-0284,6.91617,80.000832,secondary,Kaduwela – Athurugiriya Road,2,1,engine_failure,0.7,16,46,3,Thursday,3,77,2026-03-16T16:46:00,6.0,HIGH,0.5,0.56,0.8,0.5,0.7,2.0,60.0,90.0,-1
INC-0285,6.849869,79.879493,primary,Nikape Road (Dehiwela-Maharagama Road),2,1,flat_tire,0.3,0,16,5,Saturday,8,37,2026-08-19T00:16:00,2.9,LOW,0.5,0.026,0.03,0.7,0.3,0.0,0.0,0.0,-1
INC-0286,6.817078,79.960151,secondary,Piliyandala - Kottawa Road,2,1,battery_dead,0.3,5,2,4,Friday,10,30,2026-10-21T05:02:00,3.0,MEDIUM,0.5,0.105,0.15,0.5,0.3,0.0,0.0,0.0,-1
INC-0287,6.949979,80.200933,trunk,High Level Road,2,1,fuel_empty,0.2,9,55,3,Thursday,3,27,2026-03-19T09:55:00,6.4,HIGH,0.5,0.765,0.85,0.85,0.2,1.75,17.5,46.7,-1
INC-0288,6.849153,79.978839,motorway,Outer Circular Highway,2,1,flat_tire,0.3,1,7,4,Friday,9,17,2026-09-01T01:07:00,3.3,MEDIUM,0.5,0.028,0.03,1.0,0.3,0.0,0.0,0.0,12
INC-0289,6.823711,79.985896,motorway,Southern Expressway,2,1,accident_minor,0.5,7,8,4,Friday,4,73,2026-04-06T07:08:00,7.0,HIGH,0.5,0.76,0.8,1.0,0.5,4.12,92.8,67.5,5
INC-0290,6.940125,79.890845,residential,Unknown,2,1,accident_minor,0.5,17,44,6,Sunday,11,55,2026-11-06T17:44:00,3.4,MEDIUM,0.5,0.152,0.38,0.15,0.5,0.0,0.0,0.0,-1
INC-0291,6.845036,79.955915,tertiary,Old Kottawa Road,2,1,flat_tire,0.3,14,41,1,Tuesday,6,38,2026-06-28T14:41:00,4.1,MEDIUM,0.5,0.303,0.55,0.35,0.3,0.12,1.9,3.3,-1
INC-0292,6.87333,79.877817,secondary,Balapokuna Road,2,1,flat_tire,0.3,19,2,4,Friday,8,41,2026-08-23T19:02:00,5.3,HIGH,0.5,0.525,0.75,0.5,0.3,0.83,12.5,30.0,14
INC-0293,6.942714,79.906,living_street,Unknown,2,1,engine_failure,0.7,13,0,3,Thursday,5,84,2026-05-13T13:00:00,4.1,MEDIUM,0.5,0.18,0.6,0.1,0.7,0.12,3.8,15.0,-1
INC-0294,6.930288,79.880995,residential,Abhaya Place,2,1,flat_tire,0.3,19,22,5,Saturday,10,18,2026-10-10T19:22:00,3.3,MEDIUM,0.5,0.18,0.45,0.15,0.3,0.0,0.0,0.0,-1
INC-0295,6.877508,79.893239,secondary,Pagoda Road,2,1,accident_minor,0.5,17,49,1,Tuesday,12,48,2026-12-14T17:49:00,6.3,HIGH,0.5,0.665,0.95,0.5,0.5,2.25,50.6,180.0,22
INC-0296,6.917315,79.983367,motorway,Outer Circular Highway,2,1,accident_minor,0.5,7,22,4,Friday,12,63,2026-12-23T07:22:00,7.0,HIGH,0.5,0.76,0.8,1.0,0.5,4.12,92.8,67.5,-1
INC-0297,6.943611,79.932204,primary,Ambatale Road,2,1,battery_dead,0.3,18,10,1,Tuesday,1,29,2026-01-15T18:10:00,6.9,HIGH,0.5,0.85,1.0,0.7,0.3,2.08,26.0,12.5,-1
INC-0298,6.780424,79.980028,motorway,Southern Expressway,2,2,accident_major,1.0,16,16,0,Monday,2,97,2026-02-08T16:16:00,9.0,CRITICAL,1.0,0.76,0.8,1.0,1.0,15.0,1760.0,180.0,15
INC-0299,6.895157,80.103939,tertiary,Pahathgama-Diddeniya Road,2,1,flat_tire,0.3,18,28,6,Sunday,9,39,2026-09-01T18:28:00,3.6,MEDIUM,0.5,0.22,0.4,0.35,0.3,0.0,0.0,0.0,-1
INC-0300,6.902686,79.854629,trunk,R. A. de Mel Mawatha,3,1,accident_minor,0.5,20,50,2,Wednesday,1,47,2026-01-06T20:50:00,4.8,MEDIUM,0.333,0.405,0.45,0.85,0.5,0.0,0.0,0.0,-1
INC-0301,6.862592,80.026504,primary,Malabe - Godagama Road,2,1,overheating,0.5,7,57,0,Monday,1,46,2026-01-28T07:57:00,6.3,HIGH,0.5,0.68,0.8,0.7,0.5,2.0,40.0,60.0,-1
INC-0302,6.938124,79.964007,primary,Avissawella Road(Colombo-Hanwella Low Level Road),2,2,accident_major,1.0,21,43,0,Monday,4,90,2026-04-15T21:43:00,6.3,HIGH,1.0,0.255,0.3,0.7,1.0,6.0,360.0,51.4,-1
INC-0303,6.92526,79.976704,motorway,Outer Circular Highway,2,1,engine_failure,0.7,13,18,3,Thursday,10,60,2026-10-17T13:18:00,6.4,HIGH,0.5,0.57,0.6,1.0,0.7,1.83,55.0,15.0,-1
INC-0304,6.855983,80.096563,living_street,Unknown,2,1,engine_failure,0.7,13,17,3,Thursday,3,70,2026-03-12T13:17:00,4.1,MEDIUM,0.5,0.18,0.6,0.1,0.7,0.12,3.8,15.0,-1
INC-0305,6.872644,79.971426,tertiary,Horahena Road,2,1,battery_dead,0.3,8,36,5,Saturday,2,27,2026-02-16T08:36:00,4.2,MEDIUM,0.5,0.33,0.6,0.35,0.3,0.21,2.6,6.2,-1
INC-0306,6.940868,80.129137,trunk,High Level Road,2,1,accident_minor,0.5,18,22,3,Thursday,2,53,2026-02-09T18:22:00,7.5,HIGH,0.5,0.9,1.0,0.85,0.5,5.62,126.6,22.5,-1
INC-0307,6.796571,79.940808,primary,Piliyandala Bypass Road,2,2,accident_major,1.0,18,27,6,Sunday,12,208,2026-12-21T18:27:00,6.7,HIGH,1.0,0.34,0.4,0.7,1.0,8.0,480.0,80.0,-1
INC-0308,6.954451,80.209042,trunk,High Level Road,2,1,flat_tire,0.3,6,12,0,Monday,6,21,2026-06-22T06:12:00,4.9,MEDIUM,0.5,0.405,0.45,0.85,0.3,0.0,0.0,0.0,2
INC-0309,6.935836,80.174723,trunk,High Level Road,2,1,engine_failure,0.7,19,45,1,Tuesday,6,63,2026-06-24T19:45:00,6.8,HIGH,0.5,0.675,0.75,0.85,0.7,3.75,112.5,60.0,-1
INC-0310,6.907975,80.07892,primary,Avissawella Road(Colombo-Hanwella Low Level Road),2,1,flat_tire,0.3,18,37,3,Thursday,6,30,2026-06-20T18:37:00,6.9,HIGH,0.5,0.85,1.0,0.7,0.3,2.5,37.5,15.0,-1
INC-0311,6.884887,80.006713,secondary,Kaduwela – Athurugiriya Road,2,1,accident_minor,0.5,21,59,2,Wednesday,1,33,2026-01-20T21:59:00,3.9,MEDIUM,0.5,0.21,0.3,0.5,0.5,0.0,0.0,0.0,-1
INC-0312,6.844393,79.925646,primary,Dehiwela Road (Dehiwela-Maharagama Road),2,1,flat_tire,0.3,19,53,0,Monday,11,23,2026-11-15T19:53:00,5.8,HIGH,0.5,0.637,0.75,0.7,0.3,1.25,18.8,30.0,-1
INC-0313,6.829438,79.975301,secondary,Kottawa-Thalagala Road,2,1,flat_tire,0.3,9,31,2,Wednesday,9,35,2026-09-01T09:31:00,5.6,HIGH,0.5,0.595,0.85,0.5,0.3,1.17,17.5,70.0,-1
INC-0314,6.874302,79.881607,trunk,High Level Road,2,1,accident_minor,0.5,16,52,3,Thursday,7,28,2026-07-04T16:52:00,6.7,HIGH,0.5,0.72,0.8,0.85,0.5,3.38,75.9,67.5,14
INC-0315,6.91382,80.130312,tertiary,Boralugoda-Mawalagama Road,2,1,flat_tire,0.3,19,32,3,Thursday,8,32,2026-08-08T19:32:00,4.8,MEDIUM,0.5,0.413,0.75,0.35,0.3,0.62,9.4,30.0,-1
INC-0316,6.931607,80.097507,residential,Unknown,2,1,accident_minor,0.5,13,59,2,Wednesday,10,47,2026-10-04T13:59:00,4.0,MEDIUM,0.5,0.24,0.6,0.15,0.5,0.19,4.2,11.2,-1
INC-0317,6.946743,79.91207,primary,Ambatale Road,2,1,overheating,0.5,18,31,3,Thursday,11,31,2026-11-15T18:31:00,7.2,HIGH,0.5,0.85,1.0,0.7,0.5,3.33,66.7,20.0,-1
INC-0318,6.87992,79.891141,primary,Jinadasa Niyathapala Mawatha (Nawala Road),2,2,accident_major,1.0,16,56,3,Thursday,10,142,2026-10-27T16:56:00,8.4,CRITICAL,1.0,0.68,0.8,0.7,1.0,15.0,960.0,180.0,22
INC-0319,6.812855,79.962328,tertiary,Pubudu Mawatha,2,1,flat_tire,0.3,18,39,5,Saturday,12,35,2026-12-11T18:39:00,4.2,MEDIUM,0.5,0.33,0.6,0.35,0.3,0.25,3.8,7.5,-1
INC-0320,6.797668,79.911888,tertiary,Dampe Road,2,1,engine_failure,0.7,13,46,0,Monday,2,55,2026-02-26T13:46:00,4.8,MEDIUM,0.5,0.33,0.6,0.35,0.7,0.5,15.0,15.0,-1
INC-0321,6.870382,79.978411,motorway,Outer Circular Highway,2,1,flat_tire,0.3,17,10,0,Monday,1,23,2026-01-18T17:10:00,7.4,HIGH,0.5,0.902,0.95,1.0,0.3,4.12,61.9,180.0,4
INC-0322,6.871039,79.885976,trunk,High Level Road,4,1,overheating,0.5,21,5,1,Tuesday,6,55,2026-06-18T21:05:00,3.9,MEDIUM,0.25,0.27,0.3,0.85,0.5,0.0,0.0,0.0,14
INC-0323,6.885404,79.87658,trunk,Kirulapone Avenue,3,1,flat_tire,0.3,13,2,1,Tuesday,8,22,2026-08-12T13:02:00,5.1,HIGH,0.333,0.54,0.6,0.85,0.3,0.0,0.0,0.0,-1
INC-0324,6.84236,79.980077,motorway,Southern Expressway,2,1,overheating,0.5,15,30,1,Tuesday,6,44,2026-06-09T15:30:00,6.3,HIGH,0.5,0.617,0.65,1.0,0.5,1.83,36.7,17.1,12
INC-0325,6.826284,79.86944,trunk,Galle Road,3,1,overheating,0.5,23,58,6,Sunday,9,64,2026-09-12T23:58:00,3.0,MEDIUM,0.333,0.036,0.04,0.85,0.5,0.0,0.0,0.0,-1
INC-0326,6.926775,80.013383,primary,Avissawella Road(Colombo-Hanwella Low Level Road),2,1,flat_tire,0.3,16,25,0,Monday,12,17,2026-12-19T16:25:00,6.1,HIGH,0.5,0.68,0.8,0.7,0.3,1.5,22.5,45.0,-1
INC-0327,6.920291,79.974397,primary,Kaduwela Road (New Kandy Road),2,1,engine_failure,0.7,17,42,3,Thursday,2,58,2026-02-02T17:42:00,7.3,HIGH,0.5,0.807,0.95,0.7,0.7,4.5,135.0,180.0,-1
INC-0328,6.882881,79.939442,tertiary,Wickramasinghe Pura Road,2,2,accident_major,1.0,8,0,2,Wednesday,1,75,2026-01-27T08:00:00,7.9,HIGH,1.0,0.55,1.0,0.35,1.0,10.0,600.0,60.0,-1
INC-0329,6.902528,80.006106,secondary,Kaduwela – Athurugiriya Road,2,1,fuel_empty,0.2,19,43,0,Monday,10,12,2026-10-04T19:43:00,5.1,HIGH,0.5,0.525,0.75,0.5,0.2,0.56,5.6,20.0,-1
INC-0330,6.815251,79.875864,residential,Unknown,2,1,engine_failure,0.7,19,7,4,Friday,6,70,2026-06-05T19:07:00,4.8,MEDIUM,0.5,0.3,0.75,0.15,0.7,0.62,18.8,60.0,-1
INC-0331,6.881753,79.927802,secondary,Japan Sri Lanka Friendship Road,2,1,engine_failure,0.7,19,44,0,Monday,9,35,2026-09-22T19:44:00,5.9,HIGH,0.5,0.525,0.75,0.5,0.7,1.67,50.0,60.0,-1
INC-0332,6.815818,79.94893,tertiary,Gorakapitiya Road,2,1,fuel_empty,0.2,20,48,2,Wednesday,10,10,2026-10-14T20:48:00,3.6,MEDIUM,0.5,0.248,0.45,0.35,0.2,0.0,0.0,0.0,-1
INC-0333,6.905117,79.851731,trunk,Galle Road,4,1,overheating,0.5,11,52,2,Wednesday,4,40,2026-04-01T11:52:00,5.0,HIGH,0.25,0.495,0.55,0.85,0.5,0.0,0.0,0.0,-1
INC-0334,6.909041,79.8973,trunk,Sri Jayewardenepura Mawatha,3,1,flat_tire,0.3,6,57,6,Sunday,6,21,2026-06-02T06:57:00,3.3,MEDIUM,0.333,0.162,0.18,0.85,0.3,0.0,0.0,0.0,11
INC-0335,6.952948,80.211373,trunk,Avissawella - Ratnapura Road (bypass),2,1,flat_tire,0.3,12,10,3,Thursday,5,28,2026-05-03T12:10:00,5.7,HIGH,0.5,0.585,0.65,0.85,0.3,1.12,16.9,12.9,2
INC-0336,6.893743,79.861836,trunk,Sri Sambuddhatwa Jayanthi Mawatha (Havelock Road),4,1,engine_failure,0.7,19,25,5,Saturday,5,63,2026-05-14T19:25:00,4.9,MEDIUM,0.25,0.405,0.45,0.85,0.7,0.0,0.0,0.0,-1
INC-0337,6.87249,79.874371,primary,Dutugemunu Street,2,1,accident_minor,0.5,14,51,1,Tuesday,8,39,2026-08-09T14:51:00,5.3,HIGH,0.5,0.468,0.55,0.7,0.5,0.38,8.4,5.0,9
INC-0338,6.946214,79.869611,tertiary,Parakrama Road,2,1,accident_minor,0.5,10,57,6,Sunday,5,46,2026-05-01T10:57:00,3.3,MEDIUM,0.5,0.132,0.24,0.35,0.5,0.0,0.0,0.0,3
INC-0339,6.910914,79.890519,primary,Cotta Road,2,1,fuel_empty,0.2,19,35,4,Friday,8,10,2026-08-24T19:35:00,5.7,HIGH,0.5,0.637,0.75,0.7,0.2,0.83,8.3,20.0,11
INC-0340,6.851737,80.032952,trunk,High Level Road,2,1,engine_failure,0.7,6,52,4,Friday,9,65,2026-09-25T06:52:00,5.5,HIGH,0.5,0.405,0.45,0.85,0.7,0.0,0.0,0.0,6
INC-0341,6.94163,79.837444,secondary,Unknown,2,1,engine_failure,0.7,17,39,1,Tuesday,6,72,2026-06-21T17:39:00,6.6,HIGH,0.5,0.665,0.95,0.5,0.7,3.0,90.0,180.0,-1
INC-0342,6.909662,79.878391,primary,Bauddhaloka Mawatha,2,1,fuel_empty,0.2,19,22,3,Thursday,5,13,2026-05-25T19:22:00,5.7,HIGH,0.5,0.637,0.75,0.7,0.2,0.83,8.3,20.0,-1
INC-0343,6.879075,79.890925,primary,Jinadasa Niyathapala Mawatha (Nawala Road),2,1,engine_failure,0.7,7,47,5,Saturday,6,49,2026-06-04T07:47:00,5.3,HIGH,0.5,0.408,0.48,0.7,0.7,0.0,0.0,0.0,22
INC-0344,6.843952,79.979502,motorway,Outer Circular Highway,2,1,accident_minor,0.5,17,58,2,Wednesday,10,64,2026-10-10T17:58:00,7.7,HIGH,0.5,0.902,0.95,1.0,0.5,6.19,139.2,180.0,12
INC-0345,6.929048,79.973218,motorway,Outer Circular Highway,2,1,engine_failure,0.7,14,16,6,Sunday,10,31,2026-10-22T14:16:00,4.8,MEDIUM,0.5,0.209,0.22,1.0,0.7,0.0,0.0,0.0,-1
INC-0346,6.935439,79.872466,trunk,Sri Saddharma Mawatha,2,2,accident_major,1.0,18,37,4,Friday,9,148,2026-09-19T18:37:00,9.5,CRITICAL,1.0,0.9,1.0,0.85,1.0,15.0,1800.0,60.0,21
INC-0347,6.823144,79.975881,tertiary,Papliwala Road,2,1,overheating,0.5,18,39,1,Tuesday,7,34,2026-07-27T18:39:00,5.9,HIGH,0.5,0.55,1.0,0.35,0.5,1.67,33.3,20.0,-1
INC-0348,6.797021,80.050891,secondary,Kottawa Thalagala Road,2,1,flat_tire,0.3,6,8,2,Wednesday,6,38,2026-06-20T06:08:00,4.1,MEDIUM,0.5,0.315,0.45,0.5,0.3,0.0,0.0,0.0,-1
INC-0349,6.753432,79.887863,trunk,Galle Road New Deviation,2,1,battery_dead,0.3,17,11,4,Friday,7,34,2026-07-01T17:11:00,7.0,HIGH,0.5,0.855,0.95,0.85,0.3,2.81,35.2,180.0,0
INC-0350,6.7797,79.999422,primary,Colombo - Horana Road,2,1,engine_failure,0.7,20,48,0,Monday,4,10,2026-04-03T20:48:00,5.2,HIGH,0.5,0.383,0.45,0.7,0.7,0.0,0.0,0.0,-1
INC-0351,6.904963,79.869731,tertiary,Vidya Road,2,2,accident_major,1.0,21,54,1,Tuesday,11,202,2026-11-19T21:54:00,5.5,HIGH,1.0,0.165,0.3,0.35,1.0,3.0,180.0,51.4,-1
INC-0352,6.934306,79.856609,secondary,Mihindu Mawatha,2,1,engine_failure,0.7,9,15,5,Saturday,3,94,2026-03-19T09:15:00,5.0,HIGH,0.5,0.357,0.51,0.5,0.7,0.07,2.0,1.2,23
INC-0353,6.892131,80.173028,secondary,Thummodara - Puwakpitiya Road,2,1,flat_tire,0.3,19,19,4,Friday,12,30,2026-12-23T19:19:00,5.3,HIGH,0.5,0.525,0.75,0.5,0.3,0.83,12.5,30.0,-1
INC-0354,6.882993,79.858737,trunk,Galle Road,4,1,flat_tire,0.3,9,54,3,Thursday,7,42,2026-07-19T09:54:00,6.0,HIGH,0.25,0.765,0.85,0.85,0.3,0.75,11.2,20.0,-1
INC-0355,6.845029,79.87823,secondary,Cpt.Sumudu Rajapaksha Mawatha,2,1,flat_tire,0.3,8,32,3,Thursday,5,36,2026-05-11T08:32:00,6.2,HIGH,0.5,0.7,1.0,0.5,0.3,1.67,25.0,15.0,1
INC-0356,6.864447,80.071944,residential,Unknown,2,1,engine_failure,0.7,19,4,0,Monday,11,57,2026-11-01T19:04:00,4.8,MEDIUM,0.5,0.3,0.75,0.15,0.7,0.62,18.8,60.0,-1
INC-0357,6.80494,79.997449,secondary,Kottawa-Thalagala Road,2,1,engine_failure,0.7,17,4,0,Monday,7,72,2026-07-04T17:04:00,6.6,HIGH,0.5,0.665,0.95,0.5,0.7,3.0,90.0,180.0,-1
INC-0358,6.84964,79.878476,primary,Hill Street (Dehiwela-Maharagama Road),2,1,flat_tire,0.3,18,53,3,Thursday,4,37,2026-04-24T18:53:00,6.9,HIGH,0.5,0.85,1.0,0.7,0.3,2.5,37.5,15.0,-1
INC-0359,6.798519,79.927228,primary,Colombo - Horana Road,2,1,engine_failure,0.7,22,25,2,Wednesday,10,66,2026-10-17T22:25:00,4.0,MEDIUM,0.5,0.128,0.15,0.7,0.7,0.0,0.0,0.0,-1
INC-0360,6.914529,79.850632,primary,Sri Uttarananda Mawatha,2,1,accident_minor,0.5,8,19,2,Wednesday,11,45,2026-11-17T08:19:00,7.2,HIGH,0.5,0.85,1.0,0.7,0.5,3.75,84.4,22.5,13
INC-0361,6.913984,79.913546,tertiary,Kalapaluwawa Road,2,1,engine_failure,0.7,8,24,4,Friday,2,45,2026-02-28T08:24:00,6.2,HIGH,0.5,0.55,1.0,0.35,0.7,2.5,75.0,30.0,-1
INC-0362,6.855209,80.060403,trunk,High Level Road,2,1,accident_minor,0.5,8,46,6,Sunday,11,50,2026-11-09T08:46:00,5.0,HIGH,0.5,0.36,0.4,0.85,0.5,0.0,0.0,0.0,-1
INC-0363,6.876003,79.931523,secondary,Thalawathugoda Road,4,1,accident_minor,0.5,16,46,3,Thursday,5,58,2026-05-02T16:46:00,5.1,HIGH,0.25,0.56,0.8,0.5,0.5,0.25,5.6,11.2,-1
INC-0364,6.858817,79.977848,motorway,Outer Circular Highway,2,1,accident_minor,0.5,17,5,1,Tuesday,4,17,2026-04-27T17:05:00,7.7,HIGH,0.5,0.902,0.95,1.0,0.5,6.19,139.2,180.0,16
INC-0365,6.855179,79.913206,trunk,High Level Road,2,1,battery_dead,0.3,20,25,2,Wednesday,5,29,2026-05-15T20:25:00,4.9,MEDIUM,0.5,0.405,0.45,0.85,0.3,0.0,0.0,0.0,-1
INC-0366,6.937517,79.878341,secondary,Dr. Danister de Silva Mawatha (Baseline Road),2,1,engine_failure,0.7,6,0,0,Monday,4,83,2026-04-07T06:00:00,4.7,MEDIUM,0.5,0.315,0.45,0.5,0.7,0.0,0.0,0.0,21
INC-0367,6.794283,79.943124,primary,Colombo - Horana Road,2,1,accident_minor,0.5,21,35,4,Friday,10,33,2026-10-06T21:35:00,4.3,MEDIUM,0.5,0.255,0.3,0.7,0.5,0.0,0.0,0.0,-1
INC-0368,6.946147,79.878629,motorway,Golden Gate Kalyani,3,1,fuel_empty,0.2,20,27,5,Saturday,4,19,2026-04-27T20:27:00,3.8,MEDIUM,0.333,0.257,0.27,1.0,0.2,0.0,0.0,0.0,-1
INC-0369,6.851227,79.944386,residential,Kendahenawatha Road,2,1,flat_tire,0.3,16,16,3,Thursday,9,35,2026-09-10T16:16:00,4.3,MEDIUM,0.5,0.32,0.8,0.15,0.3,0.38,5.6,45.0,-1
INC-0370,6.860974,79.964617,secondary,Malabe-Kottawa Road,2,1,fuel_empty,0.2,6,51,0,Monday,1,13,2026-01-25T06:51:00,4.0,MEDIUM,0.5,0.315,0.45,0.5,0.2,0.0,0.0,0.0,-1
INC-0371,6.913435,79.847691,tertiary,Unknown,2,1,flat_tire,0.3,20,10,2,Wednesday,3,14,2026-03-26T20:10:00,3.7,MEDIUM,0.5,0.248,0.45,0.35,0.3,0.0,0.0,0.0,13
INC-0372,6.839823,79.896219,primary,Dehiwela Road (Dehiwela-Maharagama Road),2,1,engine_failure,0.7,19,18,3,Thursday,8,82,2026-08-14T19:18:00,6.4,HIGH,0.5,0.637,0.75,0.7,0.7,2.5,75.0,60.0,-1
INC-0373,6.897369,80.007645,secondary,Kaduwela – Athurugiriya Road,2,1,accident_minor,0.5,9,26,3,Thursday,3,47,2026-03-14T09:26:00,5.9,HIGH,0.5,0.595,0.85,0.5,0.5,1.75,39.4,105.0,-1
INC-0374,6.928849,80.011215,primary,Avissawella Road(Colombo-Hanwella Low Level Road),2,1,accident_minor,0.5,9,27,5,Saturday,5,55,2026-05-09T09:27:00,5.2,HIGH,0.5,0.433,0.51,0.7,0.5,0.07,1.7,0.9,-1
INC-0375,6.847752,79.870676,tertiary,Pallidora Road,2,1,fuel_empty,0.2,12,57,1,Tuesday,12,31,2026-12-06T12:57:00,4.3,MEDIUM,0.5,0.358,0.65,0.35,0.2,0.25,2.5,8.6,-1
INC-0376,6.776079,79.883518,primary,Galle Road,2,1,overheating,0.5,6,33,3,Thursday,11,30,2026-11-26T06:33:00,4.9,MEDIUM,0.5,0.383,0.45,0.7,0.5,0.0,0.0,0.0,-1
INC-0377,6.961046,79.865961,primary,Aluthmawatha Road,2,1,engine_failure,0.7,14,42,2,Wednesday,4,51,2026-04-28T14:42:00,5.6,HIGH,0.5,0.468,0.55,0.7,0.7,0.5,15.0,6.7,-1
INC-0378,6.783312,79.984274,primary,Colombo - Horana Road,2,2,accident_major,1.0,9,37,0,Monday,5,171,2026-05-17T09:37:00,8.6,CRITICAL,1.0,0.722,0.85,0.7,1.0,15.0,1020.0,180.0,15
INC-0379,6.935944,79.854114,tertiary,Bodhiraja Mawatha,2,2,accident_major,1.0,19,44,5,Saturday,3,187,2026-03-03T19:44:00,6.0,HIGH,1.0,0.247,0.45,0.35,1.0,4.5,270.0,98.2,23
INC-0380,6.823625,79.985906,motorway,Southern Expressway,2,1,engine_failure,0.7,18,57,5,Saturday,9,24,2026-09-13T18:57:00,6.4,HIGH,0.5,0.57,0.6,1.0,0.7,1.83,55.0,15.0,5
INC-0381,6.952589,79.880439,trunk,New Kelani Bridge Road,3,1,battery_dead,0.3,21,35,3,Thursday,1,19,2026-01-10T21:35:00,3.8,MEDIUM,0.333,0.27,0.3,0.85,0.3,0.0,0.0,0.0,-1
INC-0382,6.923132,80.109053,trunk,High Level Road,2,1,battery_dead,0.3,7,44,3,Thursday,6,16,2026-06-09T07:44:00,6.4,HIGH,0.5,0.72,0.8,0.85,0.3,1.88,23.4,37.5,-1
INC-0383,6.814996,80.049154,residential,Unknown,2,2,accident_major,1.0,19,22,2,Wednesday,9,36,2026-09-22T19:22:00,6.5,HIGH,1.0,0.3,0.75,0.15,1.0,3.75,225.0,180.0,-1
INC-0384,6.845202,79.943321,trunk,High Level Road,2,2,accident_major,1.0,11,47,0,Monday,1,81,2026-01-23T11:47:00,7.6,HIGH,1.0,0.495,0.55,0.85,1.0,15.0,990.0,133.3,19
INC-0385,6.893127,79.998108,living_street,Unknown,2,2,accident_major,1.0,18,17,1,Tuesday,6,176,2026-06-01T18:17:00,6.9,HIGH,1.0,0.3,1.0,0.1,1.0,2.5,150.0,60.0,-1
INC-0386,6.877754,80.086743,trunk,High Level Road,1,1,battery_dead,0.3,7,46,0,Monday,4,20,2026-04-02T07:46:00,7.6,HIGH,1.0,0.72,0.8,0.85,0.3,5.0,62.5,100.0,-1
INC-0387,6.828112,79.984879,motorway,Southern Expressway,2,1,accident_minor,0.5,8,54,1,Tuesday,3,46,2026-03-22T08:54:00,7.9,HIGH,0.5,0.95,1.0,1.0,0.5,6.88,154.7,22.5,5
INC-0388,6.844555,79.874512,secondary,Kawdana Road,2,1,accident_minor,0.5,12,32,3,Thursday,10,51,2026-10-08T12:32:00,5.2,HIGH,0.5,0.455,0.65,0.5,0.5,0.75,16.9,19.3,1
INC-0389,6.943968,79.904812,living_street,Unknown,2,1,flat_tire,0.3,14,50,3,Thursday,1,31,2026-01-02T14:50:00,3.4,MEDIUM,0.5,0.165,0.55,0.1,0.3,0.03,0.5,3.3,-1
INC-0390,6.854149,80.080986,trunk,High Level Road,1,1,accident_minor,0.5,20,38,0,Monday,10,49,2026-10-17T20:38:00,6.4,HIGH,1.0,0.405,0.45,0.85,0.5,5.06,113.9,36.8,-1
INC-0391,6.9318,79.865131,primary,Panchikawatte Road,4,1,engine_failure,0.7,19,6,4,Friday,7,78,2026-07-21T19:06:00,5.8,HIGH,0.25,0.637,0.75,0.7,0.7,0.0,0.0,0.0,-1
INC-0392,6.914566,79.869609,secondary,Wijerama Mawatha (McCarthy Road),2,2,accident_major,1.0,11,28,3,Thursday,10,131,2026-10-28T11:28:00,6.8,HIGH,1.0,0.385,0.55,0.5,1.0,7.33,440.0,146.7,17
INC-0393,6.90515,79.849967,primary,Marine Drive,4,1,fuel_empty,0.2,17,55,5,Saturday,9,10,2026-09-22T17:55:00,4.3,MEDIUM,0.25,0.484,0.57,0.7,0.2,0.0,0.0,0.0,-1
INC-0394,6.90295,79.986672,unclassified,Unknown,2,1,fuel_empty,0.2,12,18,5,Saturday,9,18,2026-09-13T12:18:00,3.1,MEDIUM,0.5,0.195,0.39,0.2,0.2,0.0,0.0,0.0,-1
INC-0395,6.89648,80.137158,secondary,Kaluaggala-Labugama-Kalatuwawa Road,2,1,flat_tire,0.3,11,56,4,Friday,3,29,2026-03-16T11:56:00,4.5,MEDIUM,0.5,0.385,0.55,0.5,0.3,0.17,2.5,3.3,-1
INC-0396,6.93422,80.122691,trunk,High Level Road,2,1,flat_tire,0.3,18,14,0,Monday,9,24,2026-09-17T18:14:00,7.2,HIGH,0.5,0.9,1.0,0.85,0.3,3.75,56.2,15.0,-1
INC-0397,6.889728,79.99148,residential,Unknown,2,1,engine_failure,0.7,18,14,1,Tuesday,11,48,2026-11-10T18:14:00,5.5,HIGH,0.5,0.4,1.0,0.15,0.7,1.25,37.5,30.0,-1
INC-0398,6.868327,79.978376,motorway,Outer Circular Highway,2,1,engine_failure,0.7,6,3,2,Wednesday,4,38,2026-04-11T06:03:00,5.8,HIGH,0.5,0.427,0.45,1.0,0.7,0.0,0.0,0.0,4
INC-0399,6.938605,79.960877,primary,Avissawella Road(Colombo-Hanwella Low Level Road),2,2,accident_major,1.0,2,42,5,Saturday,1,141,2026-01-09T02:42:00,5.1,HIGH,1.0,0.01,0.012,0.7,1.0,0.24,14.4,1.5,-1
INC-0400,6.936517,80.007957,living_street,Unknown,2,1,accident_minor,0.5,6,7,2,Wednesday,10,54,2026-10-05T06:07:00,3.4,MEDIUM,0.5,0.135,0.45,0.1,0.5,0.0,0.0,0.0,-1
INC-0401,6.925747,79.953514,secondary,Chandrika Kumarathunga Mawatha,2,1,engine_failure,0.7,17,51,0,Monday,5,47,2026-05-19T17:51:00,6.6,HIGH,0.5,0.665,0.95,0.5,0.7,3.0,90.0,180.0,-1
INC-0402,6.951862,79.873509,motorway,New Elevated Kelani Bridge Road,2,1,flat_tire,0.3,19,28,0,Monday,7,34,2026-07-03T19:28:00,6.5,HIGH,0.5,0.712,0.75,1.0,0.3,2.29,34.4,30.0,24
INC-0403,6.851353,79.928596,secondary,Pamunuwa Road,1,1,fuel_empty,0.2,19,52,3,Thursday,10,14,2026-10-12T19:52:00,6.4,HIGH,1.0,0.525,0.75,0.5,0.2,1.67,16.7,60.0,-1
INC-0404,6.851934,79.946832,secondary,Pannipitiya Road,2,1,flat_tire,0.3,9,39,3,Thursday,2,38,2026-02-12T09:39:00,5.6,HIGH,0.5,0.595,0.85,0.5,0.3,1.17,17.5,70.0,-1
INC-0405,6.73108,79.8994,secondary,Egoda Uyana Road,2,1,fuel_empty,0.2,15,25,4,Friday,12,26,2026-12-19T15:25:00,4.7,MEDIUM,0.5,0.455,0.65,0.5,0.2,0.33,3.3,8.6,-1
INC-0406,6.92866,79.846035,primary,New Baladaksha Mawatha,2,1,engine_failure,0.7,17,46,3,Thursday,3,70,2026-03-01T17:46:00,7.3,HIGH,0.5,0.807,0.95,0.7,0.7,4.5,135.0,180.0,10
INC-0407,6.944299,79.915523,residential,Unknown,2,1,fuel_empty,0.2,13,45,1,Tuesday,4,26,2026-04-07T13:45:00,3.6,MEDIUM,0.5,0.24,0.6,0.15,0.2,0.08,0.8,5.0,-1
INC-0408,6.841154,80.001978,trunk,High Level Road,2,1,fuel_empty,0.2,18,5,4,Friday,10,23,2026-10-05T18:05:00,7.1,HIGH,0.5,0.9,1.0,0.85,0.2,2.5,25.0,10.0,-1
INC-0409,6.945424,79.878519,motorway,Golden Gate Kalyani,3,1,flat_tire,0.3,8,36,1,Tuesday,6,34,2026-06-21T08:36:00,7.2,HIGH,0.333,0.95,1.0,1.0,0.3,3.06,45.8,15.0,-1
INC-0410,6.881914,79.869596,trunk,Sri Sambuddhatwa Jayanthi Mawatha (Havelock Road),2,1,battery_dead,0.3,18,24,5,Saturday,11,33,2026-11-24T18:24:00,5.5,HIGH,0.5,0.54,0.6,0.85,0.3,0.62,7.8,6.2,9
INC-0411,6.766213,79.885762,residential,P M fernando Mawatha 6th Lane,2,1,battery_dead,0.3,23,37,0,Monday,8,43,2026-08-11T23:37:00,2.2,LOW,0.5,0.04,0.1,0.15,0.3,0.0,0.0,0.0,-1
INC-0412,6.876936,79.926835,tertiary,New Hospital Road,2,1,engine_failure,0.7,9,34,0,Monday,11,38,2026-11-21T09:34:00,5.7,HIGH,0.5,0.468,0.85,0.35,0.7,1.75,52.5,140.0,-1
INC-0413,6.933132,79.8568,trunk,Olcott Mawatha,2,1,accident_minor,0.5,9,47,1,Tuesday,6,48,2026-06-06T09:47:00,6.9,HIGH,0.5,0.765,0.85,0.85,0.5,3.94,88.6,105.0,23
INC-0414,6.896243,79.994418,residential,Unknown,2,1,engine_failure,0.7,7,42,0,Monday,3,68,2026-03-16T07:42:00,4.9,MEDIUM,0.5,0.32,0.8,0.15,0.7,0.75,22.5,90.0,-1
INC-0415,6.78081,79.932388,residential,Gonamaditte Road,2,1,engine_failure,0.7,11,3,6,Sunday,3,64,2026-03-11T11:03:00,3.2,MEDIUM,0.5,0.088,0.22,0.15,0.7,0.0,0.0,0.0,-1
INC-0416,6.935838,79.922784,primary,Avissawella Road,4,1,accident_minor,0.5,19,10,6,Sunday,7,30,2026-07-28T19:10:00,3.7,MEDIUM,0.25,0.255,0.3,0.7,0.5,0.0,0.0,0.0,-1
INC-0417,6.851293,79.865474,primary,Railway Station Road,2,1,flat_tire,0.3,23,11,3,Thursday,6,30,2026-06-17T23:11:00,3.2,MEDIUM,0.5,0.085,0.1,0.7,0.3,0.0,0.0,0.0,-1
INC-0418,6.855983,79.869853,tertiary,Waidya Road,2,1,overheating,0.5,19,26,4,Friday,2,48,2026-02-24T19:26:00,5.1,HIGH,0.5,0.413,0.75,0.35,0.5,0.83,16.7,40.0,7
INC-0419,6.888515,79.976897,motorway,Outer Circular Highway,2,1,flat_tire,0.3,14,40,3,Thursday,9,44,2026-09-09T14:40:00,5.6,HIGH,0.5,0.522,0.55,1.0,0.3,0.46,6.9,3.3,-1
INC-0420,6.86705,79.999633,secondary,Athurugiriya-Kottawa Road,2,1,fuel_empty,0.2,12,39,4,Friday,6,22,2026-06-18T12:39:00,4.7,MEDIUM,0.5,0.455,0.65,0.5,0.2,0.33,3.3,8.6,-1
INC-0421,6.883305,79.961747,living_street,Unknown,2,1,battery_dead,0.3,8,19,4,Friday,1,10,2026-01-23T08:19:00,4.6,MEDIUM,0.5,0.3,1.0,0.1,0.3,0.26,3.3,12.5,-1
INC-0422,6.889875,79.934266,living_street,Unknown,2,2,accident_major,1.0,20,27,2,Wednesday,2,46,2026-02-05T20:27:00,5.4,HIGH,1.0,0.135,0.45,0.1,1.0,1.12,67.5,98.2,-1
INC-0423,6.88175,79.869894,trunk,H. Sri Nassanka Mawatha (Maya Avenue),2,1,accident_minor,0.5,7,10,3,Thursday,8,44,2026-08-11T07:10:00,6.7,HIGH,0.5,0.72,0.8,0.85,0.5,3.38,75.9,67.5,9
INC-0424,6.931112,80.008299,primary,Avissawella Road(Colombo-Hanwella Low Level Road),2,1,flat_tire,0.3,16,51,1,Tuesday,11,25,2026-11-07T16:51:00,6.1,HIGH,0.5,0.68,0.8,0.7,0.3,1.5,22.5,45.0,-1
INC-0425,6.935984,79.911483,primary,Avissawella Road,4,1,overheating,0.5,17,26,4,Friday,8,43,2026-08-09T17:26:00,6.3,HIGH,0.25,0.807,0.95,0.7,0.5,1.33,26.7,160.0,-1
INC-0426,6.865155,79.978361,motorway,Outer Circular Highway,2,1,accident_minor,0.5,19,29,0,Monday,12,46,2026-12-07T19:29:00,6.8,HIGH,0.5,0.712,0.75,1.0,0.5,3.44,77.3,45.0,4
INC-0427,6.892763,80.028923,tertiary,Jaya Mawatha,2,1,engine_failure,0.7,17,41,6,Sunday,3,56,2026-03-14T17:41:00,4.1,MEDIUM,0.5,0.209,0.38,0.35,0.7,0.0,0.0,0.0,-1
INC-0428,6.786261,79.973052,primary,Colombo - Horana Road,2,1,engine_failure,0.7,7,51,2,Wednesday,4,32,2026-04-03T07:51:00,6.7,HIGH,0.5,0.68,0.8,0.7,0.7,3.0,90.0,90.0,-1
INC-0429,6.943837,79.872661,residential,Gemunu Patu Mawatha,2,1,flat_tire,0.3,7,43,1,Tuesday,8,20,2026-08-11T07:43:00,4.3,MEDIUM,0.5,0.32,0.8,0.15,0.3,0.38,5.6,45.0,3
INC-0430,6.872552,79.883246,trunk,High Level Road,4,1,flat_tire,0.3,9,48,2,Wednesday,4,23,2026-04-05T09:48:00,6.0,HIGH,0.25,0.765,0.85,0.85,0.3,0.75,11.2,20.0,14
INC-0431,6.93203,79.852952,primary,D. R. Wijewardene Mawatha,2,1,battery_dead,0.3,18,37,5,Saturday,8,28,2026-08-23T18:37:00,5.2,HIGH,0.5,0.51,0.6,0.7,0.3,0.42,5.2,6.2,23
INC-0432,6.828945,80.065362,tertiary,Madulawa Road,2,1,accident_minor,0.5,8,37,4,Friday,8,56,2026-08-03T08:37:00,5.9,HIGH,0.5,0.55,1.0,0.35,0.5,1.88,42.2,22.5,-1
INC-0433,6.790861,79.953557,primary,Colombo - Horana Road,2,1,flat_tire,0.3,19,0,2,Wednesday,10,22,2026-10-25T19:00:00,5.8,HIGH,0.5,0.637,0.75,0.7,0.3,1.25,18.8,30.0,-1
INC-0434,6.863026,79.86654,secondary,Kotagama Sri Vachissara Mawatha,2,1,flat_tire,0.3,10,17,4,Friday,8,17,2026-08-17T10:17:00,4.7,MEDIUM,0.5,0.42,0.6,0.5,0.3,0.33,5.0,7.5,7
INC-0435,6.943022,80.139483,trunk,High Level Road,2,1,engine_failure,0.7,15,38,3,Thursday,9,59,2026-09-08T15:38:00,6.3,HIGH,0.5,0.585,0.65,0.85,0.7,2.25,67.5,25.7,-1
INC-0436,6.904148,79.954366,primary,Kaduwela Road (New Kandy Road),2,1,fuel_empty,0.2,14,43,4,Friday,12,11,2026-12-07T14:43:00,4.9,MEDIUM,0.5,0.468,0.55,0.7,0.2,0.17,1.7,2.2,-1
INC-0437,6.882634,79.855651,primary,Marine Drive,4,1,fuel_empty,0.2,7,38,2,Wednesday,9,31,2026-09-08T07:38:00,5.3,HIGH,0.25,0.68,0.8,0.7,0.2,0.17,1.7,5.0,-1
INC-0438,6.883891,79.931444,residential,Nagahamulla Road,2,1,accident_minor,0.5,17,3,6,Sunday,8,66,2026-08-25T17:03:00,3.4,MEDIUM,0.5,0.152,0.38,0.15,0.5,0.0,0.0,0.0,-1
INC-0439,6.94385,79.928854,primary,Ambatale Road,2,1,engine_failure,0.7,7,55,1,Tuesday,3,75,2026-03-28T07:55:00,6.7,HIGH,0.5,0.68,0.8,0.7,0.7,3.0,90.0,90.0,-1
INC-0440,6.881052,79.952705,secondary,Hokandara-Thalawathugoda Road,2,1,accident_minor,0.5,16,54,3,Thursday,9,42,2026-09-06T16:54:00,5.8,HIGH,0.5,0.56,0.8,0.5,0.5,1.5,33.8,67.5,-1
INC-0441,6.907721,79.865006,primary,Independence Avenue,2,1,fuel_empty,0.2,10,58,2,Wednesday,11,13,2026-11-05T10:58:00,5.1,HIGH,0.5,0.51,0.6,0.7,0.2,0.33,3.3,5.0,-1
INC-0442,6.933573,79.838414,unclassified,Serandib East Boulevard,2,1,flat_tire,0.3,19,38,3,Thursday,4,36,2026-04-13T19:38:00,4.4,MEDIUM,0.5,0.375,0.75,0.2,0.3,0.42,6.2,30.0,10
INC-0443,6.730221,79.896648,trunk,Galle Road New Deviation,2,1,accident_minor,0.5,6,51,4,Friday,6,35,2026-06-04T06:51:00,5.2,HIGH,0.5,0.405,0.45,0.85,0.5,0.0,0.0,0.0,-1
INC-0444,6.860136,79.914487,unclassified,Unknown,2,1,accident_minor,0.5,20,44,6,Sunday,8,41,2026-08-08T20:44:00,2.9,LOW,0.5,0.09,0.18,0.2,0.5,0.0,0.0,0.0,-1
INC-0445,6.839576,80.087131,secondary,Godagama-Padukka Road,2,1,fuel_empty,0.2,16,36,2,Wednesday,9,20,2026-09-16T16:36:00,5.3,HIGH,0.5,0.56,0.8,0.5,0.2,0.67,6.7,30.0,-1
INC-0446,6.946297,79.87839,trunk,Dr. Danister de Silva Mawatha,3,2,accident_major,1.0,20,49,2,Wednesday,2,178,2026-02-13T20:49:00,6.4,HIGH,0.667,0.405,0.45,0.85,1.0,3.5,210.0,25.5,-1
INC-0447,6.914146,79.87319,tertiary,Rosmead Place,2,1,fuel_empty,0.2,6,16,3,Thursday,4,23,2026-04-15T06:16:00,3.6,MEDIUM,0.5,0.248,0.45,0.35,0.2,0.0,0.0,0.0,17
INC-0448,6.875373,80.018369,secondary,Habarakada-Ranala Road,2,1,flat_tire,0.3,6,32,5,Saturday,9,65,2026-09-22T06:32:00,3.5,MEDIUM,0.5,0.189,0.27,0.5,0.3,0.0,0.0,0.0,-1
INC-0449,6.750733,79.88885,trunk,Galle Road New Deviation,2,1,fuel_empty,0.2,18,15,1,Tuesday,12,21,2026-12-01T18:15:00,7.1,HIGH,0.5,0.9,1.0,0.85,0.2,2.5,25.0,10.0,0
INC-0450,6.913968,80.097202,trunk,High Level Road,2,1,accident_minor,0.5,8,50,4,Friday,11,51,2026-11-17T08:50:00,7.5,HIGH,0.5,0.9,1.0,0.85,0.5,5.62,126.6,22.5,8
INC-0451,6.895412,80.002562,living_street,Unknown,2,1,accident_minor,0.5,19,39,6,Sunday,6,65,2026-06-22T19:39:00,3.0,MEDIUM,0.5,0.09,0.3,0.1,0.5,0.0,0.0,0.0,-1
INC-0452,6.866416,79.870978,tertiary,Sri Maha Vihara Road,2,1,flat_tire,0.3,10,48,2,Wednesday,2,31,2026-02-08T10:48:00,4.2,MEDIUM,0.5,0.33,0.6,0.35,0.3,0.25,3.8,7.5,-1
INC-0453,6.918315,79.974215,primary,Kaduwela Road (New Kandy Road),2,1,engine_failure,0.7,16,18,1,Tuesday,12,62,2026-12-02T16:18:00,6.7,HIGH,0.5,0.68,0.8,0.7,0.7,3.0,90.0,90.0,-1
INC-0454,6.969482,79.876511,residential,Rodrigo Place,2,1,engine_failure,0.7,20,35,6,Sunday,4,105,2026-04-26T20:35:00,3.1,MEDIUM,0.5,0.072,0.18,0.15,0.7,0.0,0.0,0.0,-1
INC-0455,6.910154,79.852136,trunk,R. A. de Mel Mawatha,4,2,accident_major,1.0,16,45,4,Friday,12,150,2026-12-03T16:45:00,7.4,HIGH,0.5,0.72,0.8,0.85,1.0,9.0,540.0,180.0,-1
INC-0456,6.85043,80.002223,residential,Unknown,2,1,flat_tire,0.3,23,32,6,Sunday,8,25,2026-08-24T23:32:00,2.0,LOW,0.5,0.016,0.04,0.15,0.3,0.0,0.0,0.0,-1
INC-0457,6.845545,79.937974,trunk,High Level Road,2,1,battery_dead,0.3,6,8,1,Tuesday,8,20,2026-08-12T06:08:00,4.9,MEDIUM,0.5,0.405,0.45,0.85,0.3,0.0,0.0,0.0,19
INC-0458,6.932479,79.850716,primary,D. R. Wijewardene Mawatha,2,1,battery_dead,0.3,8,23,2,Wednesday,10,10,2026-10-09T08:23:00,6.9,HIGH,0.5,0.85,1.0,0.7,0.3,2.08,26.0,12.5,23
INC-0459,6.942684,79.886567,primary,Orugodawatta Flyover,2,1,fuel_empty,0.2,16,2,1,Tuesday,3,18,2026-03-26T16:02:00,5.9,HIGH,0.5,0.68,0.8,0.7,0.2,1.0,10.0,30.0,-1
INC-0460,6.920523,79.869426,tertiary,J.E. Gunasekara Avenue,2,1,battery_dead,0.3,8,46,2,Wednesday,2,36,2026-02-20T08:46:00,5.6,HIGH,0.5,0.55,1.0,0.35,0.3,1.04,13.0,12.5,-1
INC-0461,6.884639,80.008114,tertiary,Mullegama Road,2,1,engine_failure,0.7,9,47,1,Tuesday,9,44,2026-09-02T09:47:00,5.7,HIGH,0.5,0.468,0.85,0.35,0.7,1.75,52.5,140.0,-1
INC-0462,6.862127,80.026969,primary,Malabe - Godagama Road,2,1,battery_dead,0.3,7,32,0,Monday,10,10,2026-10-26T07:32:00,6.1,HIGH,0.5,0.68,0.8,0.7,0.3,1.25,15.6,37.5,-1
INC-0463,6.826462,80.051084,living_street,Unknown,2,1,fuel_empty,0.2,17,23,0,Monday,5,27,2026-05-06T17:23:00,4.3,MEDIUM,0.5,0.285,0.95,0.1,0.2,0.19,1.9,180.0,-1
INC-0464,6.749561,79.889328,trunk,Galle Road New Deviation,2,2,accident_major,1.0,20,27,5,Saturday,8,89,2026-08-23T20:27:00,6.4,HIGH,1.0,0.243,0.27,0.85,1.0,8.1,486.0,44.4,0
INC-0465,6.875705,79.880967,trunk,High Level Road,2,1,engine_failure,0.7,15,51,0,Monday,7,63,2026-07-11T15:51:00,6.3,HIGH,0.5,0.585,0.65,0.85,0.7,2.25,67.5,25.7,14
INC-0466,6.75626,79.887027,trunk,Galle Road New Deviation,2,1,accident_minor,0.5,7,44,3,Thursday,5,32,2026-05-09T07:44:00,6.7,HIGH,0.5,0.72,0.8,0.85,0.5,3.38,75.9,67.5,0
INC-0467,6.833837,79.982842,motorway,Southern Expressway,2,1,fuel_empty,0.2,17,50,4,Friday,12,21,2026-12-12T17:50:00,7.2,HIGH,0.5,0.902,0.95,1.0,0.2,2.75,27.5,180.0,12
INC-0468,6.881793,79.88972,primary,Jinadasa Niyathapala Mawatha (Nawala Road),2,1,engine_failure,0.7,20,53,2,Wednesday,9,37,2026-09-07T20:53:00,5.2,HIGH,0.5,0.383,0.45,0.7,0.7,0.0,0.0,0.0,22
INC-0469,6.814096,79.985372,motorway,Southern Expressway,2,1,engine_failure,0.7,10,54,0,Monday,9,40,2026-09-12T10:54:00,6.4,HIGH,0.5,0.57,0.6,1.0,0.7,1.83,55.0,15.0,-1
INC-0470,6.863423,79.919456,residential,Unknown,2,2,accident_major,1.0,19,14,5,Saturday,6,127,2026-06-03T19:14:00,5.6,HIGH,1.0,0.18,0.45,0.15,1.0,2.25,135.0,98.2,-1
INC-0471,6.865075,79.896666,trunk,High Level Road,4,1,engine_failure,0.7,18,16,3,Thursday,1,82,2026-01-06T18:16:00,7.2,HIGH,0.25,0.9,1.0,0.85,0.7,3.75,112.5,30.0,-1
INC-0472,6.845381,79.907343,tertiary,Egodawatte Road,2,1,flat_tire,0.3,11,14,5,Saturday,11,29,2026-11-13T11:14:00,3.3,MEDIUM,0.5,0.182,0.33,0.35,0.3,0.0,0.0,0.0,-1
INC-0473,6.796324,79.895871,secondary,Katubedda-Piliyandala Road,2,1,engine_failure,0.7,20,5,4,Friday,10,71,2026-10-17T20:05:00,4.7,MEDIUM,0.5,0.315,0.45,0.5,0.7,0.0,0.0,0.0,-1
INC-0474,6.922244,79.846091,trunk,Galle Face Centre Road,2,1,engine_failure,0.7,8,58,4,Friday,2,62,2026-02-04T08:58:00,7.8,HIGH,0.5,0.9,1.0,0.85,0.7,7.5,225.0,30.0,-1
INC-0475,6.895495,79.924585,primary,Denzil Kobbekaduwa Mawatha,4,2,accident_major,1.0,6,43,0,Monday,3,157,2026-03-11T06:43:00,5.7,HIGH,0.5,0.383,0.45,0.7,1.0,0.0,0.0,0.0,-1
INC-0476,6.893304,79.8545,residential,Unknown,2,1,flat_tire,0.3,17,57,5,Saturday,8,42,2026-08-24T17:57:00,3.6,MEDIUM,0.5,0.228,0.57,0.15,0.3,0.09,1.3,4.9,-1
INC-0477,6.88814,79.854383,primary,Marine Drive,4,1,engine_failure,0.7,9,0,2,Wednesday,4,28,2026-04-13T09:00:00,6.2,HIGH,0.25,0.722,0.85,0.7,0.7,1.0,30.0,40.0,-1
INC-0478,6.908388,79.939444,primary,Kaduwela Road (New Kandy Road),2,1,flat_tire,0.3,9,39,0,Monday,12,32,2026-12-16T09:39:00,6.3,HIGH,0.5,0.722,0.85,0.7,0.3,1.75,26.2,70.0,-1
INC-0479,6.877184,79.919368,unclassified,Unknown,2,1,engine_failure,0.7,8,44,4,Friday,3,76,2026-03-22T08:44:00,5.8,HIGH,0.5,0.5,1.0,0.2,0.7,1.67,50.0,30.0,-1
INC-0480,6.90818,79.980805,motorway,Outer Circular Highway,2,1,flat_tire,0.3,13,38,3,Thursday,9,25,2026-09-16T13:38:00,5.8,HIGH,0.5,0.57,0.6,1.0,0.3,0.92,13.8,7.5,-1
INC-0481,6.864394,79.970078,residential,Unknown,2,1,fuel_empty,0.2,15,4,4,Friday,7,21,2026-07-28T15:04:00,3.7,MEDIUM,0.5,0.26,0.65,0.15,0.2,0.12,1.2,8.6,-1
INC-0482,6.918346,80.101872,trunk,High Level Road,2,1,flat_tire,0.3,20,45,0,Monday,7,36,2026-07-06T20:45:00,4.9,MEDIUM,0.5,0.405,0.45,0.85,0.3,0.0,0.0,0.0,8
INC-0483,6.913257,79.972161,primary,Kaduwela Road (New Kandy Road),2,1,battery_dead,0.3,13,31,1,Tuesday,10,26,2026-10-20T13:31:00,5.2,HIGH,0.5,0.51,0.6,0.7,0.3,0.42,5.2,6.2,-1
INC-0484,6.79334,79.985648,tertiary,Diyagama Road,2,1,fuel_empty,0.2,17,31,6,Sunday,4,25,2026-04-17T17:31:00,3.4,MEDIUM,0.5,0.209,0.38,0.35,0.2,0.0,0.0,0.0,-1
INC-0485,6.757869,79.886583,trunk,Galle Road New Deviation,2,1,engine_failure,0.7,17,5,2,Wednesday,1,44,2026-01-20T17:05:00,7.6,HIGH,0.5,0.855,0.95,0.85,0.7,6.75,202.5,180.0,0
INC-0486,6.950645,79.876023,motorway,New Elevated Kelani Bridge Road,2,1,fuel_empty,0.2,23,11,4,Friday,1,33,2026-01-18T23:11:00,3.5,MEDIUM,0.5,0.095,0.1,1.0,0.2,0.0,0.0,0.0,24
INC-0487,6.872371,79.892612,secondary,Old Kesbawa Road,2,1,overheating,0.5,8,18,5,Saturday,5,42,2026-05-15T08:18:00,5.0,HIGH,0.5,0.42,0.6,0.5,0.5,0.44,8.9,10.0,18
INC-0488,6.797849,79.983223,motorway,Southern Expressway,2,1,engine_failure,0.7,18,41,0,Monday,10,41,2026-10-23T18:41:00,8.2,CRITICAL,0.5,0.95,1.0,1.0,0.7,9.17,275.0,30.0,-1
INC-0489,6.884204,79.925388,secondary,Japan Sri Lanka Friendship Road,2,1,flat_tire,0.3,8,47,0,Monday,3,26,2026-03-11T08:47:00,6.2,HIGH,0.5,0.7,1.0,0.5,0.3,1.67,25.0,15.0,-1
INC-0490,6.783796,79.989924,primary,Colombo - Horana Road,2,1,battery_dead,0.3,20,41,6,Sunday,11,21,2026-11-11T20:41:00,3.5,MEDIUM,0.5,0.153,0.18,0.7,0.3,0.0,0.0,0.0,-1
INC-0491,6.905883,79.944661,tertiary,Muttetugoda Road,2,1,flat_tire,0.3,19,58,3,Thursday,6,29,2026-06-25T19:58:00,4.8,MEDIUM,0.5,0.413,0.75,0.35,0.3,0.62,9.4,30.0,-1
INC-0492,6.872,80.026456,secondary,Panagoda-Ambulgama Road,2,1,accident_minor,0.5,11,38,0,Monday,10,44,2026-10-27T11:38:00,4.8,MEDIUM,0.5,0.385,0.55,0.5,0.5,0.25,5.6,5.0,-1
INC-0493,6.851648,80.046166,trunk,High Level Road,2,1,accident_minor,0.5,18,46,3,Thursday,8,50,2026-08-28T18:46:00,7.5,HIGH,0.5,0.9,1.0,0.85,0.5,5.62,126.6,22.5,-1
INC-0494,6.857527,79.870779,primary,Anagarika Dharmapala Mawatha (Allen Avenue),2,1,flat_tire,0.3,8,20,0,Monday,10,34,2026-10-16T08:20:00,6.9,HIGH,0.5,0.85,1.0,0.7,0.3,2.5,37.5,15.0,7
INC-0495,6.922785,79.922254,living_street,Unknown,2,1,flat_tire,0.3,16,36,0,Monday,10,10,2026-10-07T16:36:00,4.1,MEDIUM,0.5,0.24,0.8,0.1,0.3,0.19,2.8,45.0,-1
INC-0496,6.838066,80.04801,tertiary,Unknown,2,1,engine_failure,0.7,11,45,3,Thursday,10,53,2026-10-21T11:45:00,4.7,MEDIUM,0.5,0.303,0.55,0.35,0.7,0.25,7.5,6.7,-1
INC-0497,6.73684,79.89422,trunk,Galle Road New Deviation,2,1,fuel_empty,0.2,8,19,4,Friday,4,17,2026-04-02T08:19:00,7.1,HIGH,0.5,0.9,1.0,0.85,0.2,2.5,25.0,10.0,-1
INC-0498,6.839824,79.994384,trunk,High Level Road,2,1,flat_tire,0.3,11,22,4,Friday,11,31,2026-11-22T11:22:00,5.3,HIGH,0.5,0.495,0.55,0.85,0.3,0.38,5.6,3.3,-1
INC-0499,6.83064,79.924049,tertiary,Neelammahara Road,2,1,battery_dead,0.3,19,35,0,Monday,3,27,2026-03-19T19:35:00,4.8,MEDIUM,0.5,0.413,0.75,0.35,0.3,0.52,6.5,25.0,-1
INC-0500,6.878545,79.881429,secondary,Vijaya Kumaratunga Mawatha,2,1,flat_tire,0.3,15,49,2,Wednesday,4,33,2026-04-23T15:49:00,4.9,MEDIUM,0.5,0.455,0.65,0.5,0.3,0.5,7.5,12.9,14
